GameID,Teams,Yards,Quarter,Date,Time
2009091000,TEN@PIT,0.0,1,2009-09-10,05:02
2009091000,TEN@PIT,0.0,1,2009-09-10,08:25
2009091000,TEN@PIT,0.0,1,2009-09-10,13:27
2009091000,TEN@PIT,11.0,1,2009-09-10,11:34
2009091000,TEN@PIT,0.0,2,2009-09-10,13:13
2009091000,TEN@PIT,11.0,2,2009-09-10,07:25
2009091000,TEN@PIT,0.0,3,2009-09-10,01:56
2009091000,TEN@PIT,0.0,3,2009-09-10,05:18
2009091000,TEN@PIT,0.0,3,2009-09-10,08:09
2009091000,TEN@PIT,0.0,4,2009-09-10,01:57
2009091000,TEN@PIT,5.0,4,2009-09-10,15:00
2009091309,SF@ARI,-4.0,1,2009-09-13,03:56
2009091300,MIA@ATL,0.0,1,2009-09-13,01:16
2009091312,CHI@GB,0.0,1,2009-09-13,02:49
2009091307,DET@NO,0.0,1,2009-09-13,03:01
2009091302,PHI@CAR,0.0,1,2009-09-13,03:43
2009091306,JAC@IND,0.0,1,2009-09-13,04:28
2009091310,WAS@NYG,0.0,1,2009-09-13,05:04
2009091311,STL@SEA,0.0,1,2009-09-13,06:44
2009091300,MIA@ATL,0.0,1,2009-09-13,07:01
2009091304,MIN@CLE,0.0,1,2009-09-13,07:05
2009091305,NYJ@HOU,0.0,1,2009-09-13,08:44
2009091303,DEN@CIN,0.0,1,2009-09-13,08:48
2009091305,NYJ@HOU,0.0,1,2009-09-13,10:20
2009091307,DET@NO,0.0,1,2009-09-13,10:51
2009091312,CHI@GB,0.0,1,2009-09-13,10:54
2009091303,DEN@CIN,0.0,1,2009-09-13,12:51
2009091304,MIN@CLE,3.0,1,2009-09-13,09:33
2009091305,NYJ@HOU,4.0,1,2009-09-13,11:58
2009091301,KC@BAL,4.0,1,2009-09-13,13:47
2009091312,CHI@GB,5.0,1,2009-09-13,07:26
2009091301,KC@BAL,7.0,1,2009-09-13,09:00
2009091301,KC@BAL,8.0,1,2009-09-13,00:55
2009091309,SF@ARI,8.0,1,2009-09-13,10:37
2009091311,STL@SEA,9.0,1,2009-09-13,08:19
2009091303,DEN@CIN,11.0,1,2009-09-13,00:17
2009091311,STL@SEA,11.0,1,2009-09-13,12:56
2009091307,DET@NO,12.0,1,2009-09-13,03:49
2009091309,SF@ARI,13.0,1,2009-09-13,12:47
2009091312,CHI@GB,14.0,1,2009-09-13,01:10
2009091303,DEN@CIN,14.0,1,2009-09-13,07:23
2009091311,STL@SEA,24.0,1,2009-09-13,11:43
2009091307,DET@NO,43.0,1,2009-09-13,01:25
2009091302,PHI@CAR,0.0,2,2009-09-13,00:30
2009091307,DET@NO,0.0,2,2009-09-13,00:50
2009091312,CHI@GB,0.0,2,2009-09-13,00:54
2009091308,DAL@TB,0.0,2,2009-09-13,01:08
2009091304,MIN@CLE,0.0,2,2009-09-13,01:11
2009091312,CHI@GB,0.0,2,2009-09-13,01:52
2009091303,DEN@CIN,0.0,2,2009-09-13,01:55
2009091307,DET@NO,0.0,2,2009-09-13,02:28
2009091304,MIN@CLE,0.0,2,2009-09-13,02:30
2009091304,MIN@CLE,0.0,2,2009-09-13,04:13
2009091308,DAL@TB,0.0,2,2009-09-13,05:15
2009091308,DAL@TB,0.0,2,2009-09-13,06:43
2009091309,SF@ARI,0.0,2,2009-09-13,07:08
2009091308,DAL@TB,0.0,2,2009-09-13,08:52
2009091309,SF@ARI,0.0,2,2009-09-13,10:31
2009091301,KC@BAL,0.0,2,2009-09-13,11:40
2009091305,NYJ@HOU,0.0,2,2009-09-13,12:34
2009091312,CHI@GB,0.0,2,2009-09-13,13:22
2009091305,NYJ@HOU,0.0,2,2009-09-13,13:29
2009091310,WAS@NYG,0.0,2,2009-09-13,13:29
2009091301,KC@BAL,0.0,2,2009-09-13,13:30
2009091303,DEN@CIN,0.0,2,2009-09-13,13:42
2009091312,CHI@GB,0.0,2,2009-09-13,15:00
2009091311,STL@SEA,3.0,2,2009-09-13,04:22
2009091300,MIA@ATL,7.0,2,2009-09-13,04:07
2009091309,SF@ARI,7.0,2,2009-09-13,08:31
2009091303,DEN@CIN,9.0,2,2009-09-13,12:10
2009091300,MIA@ATL,11.0,2,2009-09-13,05:31
2009091308,DAL@TB,13.0,2,2009-09-13,02:15
2009091303,DEN@CIN,13.0,2,2009-09-13,05:19
2009091309,SF@ARI,14.0,2,2009-09-13,05:36
2009091305,NYJ@HOU,18.0,2,2009-09-13,01:11
2009091302,PHI@CAR,21.0,2,2009-09-13,07:56
2009091304,MIN@CLE,36.0,2,2009-09-13,13:11
2009091304,MIN@CLE,67.0,2,2009-09-13,01:46
2009091302,PHI@CAR,85.0,2,2009-09-13,11:14
2009091311,STL@SEA,0.0,3,2009-09-13,00:07
2009091305,NYJ@HOU,0.0,3,2009-09-13,01:02
2009091301,KC@BAL,0.0,3,2009-09-13,01:29
2009091306,JAC@IND,0.0,3,2009-09-13,03:08
2009091302,PHI@CAR,0.0,3,2009-09-13,03:09
2009091308,DAL@TB,0.0,3,2009-09-13,03:48
2009091306,JAC@IND,0.0,3,2009-09-13,04:05
2009091305,NYJ@HOU,0.0,3,2009-09-13,05:27
2009091300,MIA@ATL,0.0,3,2009-09-13,07:55
2009091309,SF@ARI,0.0,3,2009-09-13,08:28
2009091311,STL@SEA,0.0,3,2009-09-13,09:11
2009091308,DAL@TB,0.0,3,2009-09-13,09:29
2009091310,WAS@NYG,0.0,3,2009-09-13,10:02
2009091303,DEN@CIN,0.0,3,2009-09-13,10:15
2009091309,SF@ARI,0.0,3,2009-09-13,10:38
2009091311,STL@SEA,0.0,3,2009-09-13,12:22
2009091306,JAC@IND,0.0,3,2009-09-13,12:40
2009091308,DAL@TB,0.0,3,2009-09-13,12:48
2009091300,MIA@ATL,0.0,3,2009-09-13,13:29
2009091303,DEN@CIN,1.0,3,2009-09-13,08:33
2009091303,DEN@CIN,2.0,3,2009-09-13,04:23
2009091309,SF@ARI,3.0,3,2009-09-13,03:26
2009091308,DAL@TB,3.0,3,2009-09-13,06:11
2009091310,WAS@NYG,4.0,3,2009-09-13,07:43
2009091300,MIA@ATL,4.0,3,2009-09-13,12:00
2009091311,STL@SEA,5.0,3,2009-09-13,04:04
2009091306,JAC@IND,5.0,3,2009-09-13,05:39
2009091303,DEN@CIN,6.0,3,2009-09-13,12:48
2009091310,WAS@NYG,9.0,3,2009-09-13,03:55
2009091303,DEN@CIN,10.0,3,2009-09-13,02:41
2009091312,CHI@GB,10.0,3,2009-09-13,08:51
2009091305,NYJ@HOU,12.0,3,2009-09-13,06:35
2009091309,SF@ARI,12.0,3,2009-09-13,13:39
2009091308,DAL@TB,14.0,3,2009-09-13,07:46
2009091300,MIA@ATL,18.0,3,2009-09-13,10:07
2009091302,PHI@CAR,26.0,3,2009-09-13,04:38
2009091304,MIN@CLE,-3.0,4,2009-09-13,11:55
2009091311,STL@SEA,0.0,4,2009-09-13,01:39
2009091304,MIN@CLE,0.0,4,2009-09-13,03:12
2009091311,STL@SEA,0.0,4,2009-09-13,04:31
2009091306,JAC@IND,0.0,4,2009-09-13,05:25
2009091309,SF@ARI,0.0,4,2009-09-13,05:42
2009091303,DEN@CIN,0.0,4,2009-09-13,06:29
2009091306,JAC@IND,0.0,4,2009-09-13,07:08
2009091311,STL@SEA,0.0,4,2009-09-13,08:06
2009091310,WAS@NYG,0.0,4,2009-09-13,09:30
2009091311,STL@SEA,0.0,4,2009-09-13,09:31
2009091304,MIN@CLE,0.0,4,2009-09-13,13:23
2009091303,DEN@CIN,0.0,4,2009-09-13,13:32
2009091302,PHI@CAR,0.0,4,2009-09-13,13:51
2009091305,NYJ@HOU,0.0,4,2009-09-13,14:39
2009091312,CHI@GB,0.0,4,2009-09-13,14:50
2009091301,KC@BAL,0.0,4,2009-09-13,14:56
2009091312,CHI@GB,0.0,4,2009-09-13,15:00
2009091300,MIA@ATL,2.0,4,2009-09-13,11:41
2009091309,SF@ARI,5.0,4,2009-09-13,00:56
2009091302,PHI@CAR,7.0,4,2009-09-13,12:12
2009091304,MIN@CLE,18.0,4,2009-09-13,06:21
2009091309,SF@ARI,27.0,4,2009-09-13,03:26
2009091401,SD@OAK,0.0,1,2009-09-14,09:31
2009091400,BUF@NE,5.0,1,2009-09-14,01:37
2009091400,BUF@NE,10.0,1,2009-09-14,12:25
2009091401,SD@OAK,-3.0,2,2009-09-14,03:50
2009091400,BUF@NE,0.0,2,2009-09-14,13:41
2009091400,BUF@NE,11.0,2,2009-09-14,03:48
2009091401,SD@OAK,14.0,2,2009-09-14,02:34
2009091401,SD@OAK,0.0,3,2009-09-14,01:51
2009091401,SD@OAK,0.0,3,2009-09-14,06:41
2009091400,BUF@NE,0.0,3,2009-09-14,13:03
2009091401,SD@OAK,3.0,3,2009-09-14,04:18
2009091401,SD@OAK,5.0,3,2009-09-14,03:16
2009091401,SD@OAK,8.0,3,2009-09-14,09:22
2009091401,SD@OAK,19.0,3,2009-09-14,08:18
2009092011,PIT@CHI,-1.0,1,2009-09-20,03:34
2009092005,NE@NYJ,0.0,1,2009-09-20,00:13
2009092004,OAK@KC,0.0,1,2009-09-20,00:49
2009092006,NO@PHI,0.0,1,2009-09-20,01:05
2009092014,NYG@DAL,0.0,1,2009-09-20,03:10
2009092001,MIN@DET,0.0,1,2009-09-20,03:11
2009092006,NO@PHI,0.0,1,2009-09-20,05:22
2009092006,NO@PHI,0.0,1,2009-09-20,05:34
2009092000,CAR@ATL,0.0,1,2009-09-20,06:42
2009092000,CAR@ATL,0.0,1,2009-09-20,07:40
2009092006,NO@PHI,0.0,1,2009-09-20,08:06
2009092005,NE@NYJ,0.0,1,2009-09-20,08:55
2009092005,NE@NYJ,0.0,1,2009-09-20,09:49
2009092008,STL@WAS,0.0,1,2009-09-20,11:20
2009092013,BAL@SD,0.0,1,2009-09-20,11:50
2009092005,NE@NYJ,0.0,1,2009-09-20,11:54
2009092007,HOU@TEN,0.0,1,2009-09-20,12:03
2009092004,OAK@KC,0.0,1,2009-09-20,12:39
2009092013,BAL@SD,0.0,1,2009-09-20,12:50
2009092011,PIT@CHI,0.0,1,2009-09-20,13:09
2009092009,TB@BUF,0.0,1,2009-09-20,13:34
2009092005,NE@NYJ,1.0,1,2009-09-20,05:21
2009092014,NYG@DAL,5.0,1,2009-09-20,13:41
2009092010,SEA@SF,6.0,1,2009-09-20,03:00
2009092008,STL@WAS,6.0,1,2009-09-20,13:42
2009092004,OAK@KC,6.0,1,2009-09-20,14:20
2009092012,CLE@DEN,7.0,1,2009-09-20,10:20
2009092010,SEA@SF,11.0,1,2009-09-20,13:59
2009092002,CIN@GB,12.0,1,2009-09-20,13:03
2009092004,OAK@KC,16.0,1,2009-09-20,11:39
2009092010,SEA@SF,75.0,1,2009-09-20,01:46
2009092010,SEA@SF,-1.0,2,2009-09-20,15:00
2009092003,ARI@JAC,0.0,2,2009-09-20,00:34
2009092009,TB@BUF,0.0,2,2009-09-20,03:30
2009092004,OAK@KC,0.0,2,2009-09-20,03:31
2009092012,CLE@DEN,0.0,2,2009-09-20,04:08
2009092010,SEA@SF,0.0,2,2009-09-20,05:17
2009092014,NYG@DAL,0.0,2,2009-09-20,05:26
2009092009,TB@BUF,0.0,2,2009-09-20,05:55
2009092011,PIT@CHI,0.0,2,2009-09-20,06:28
2009092010,SEA@SF,0.0,2,2009-09-20,06:29
2009092013,BAL@SD,0.0,2,2009-09-20,06:43
2009092007,HOU@TEN,0.0,2,2009-09-20,07:13
2009092012,CLE@DEN,0.0,2,2009-09-20,08:07
2009092013,BAL@SD,0.0,2,2009-09-20,08:11
2009092003,ARI@JAC,0.0,2,2009-09-20,08:34
2009092001,MIN@DET,0.0,2,2009-09-20,11:27
2009092004,OAK@KC,0.0,2,2009-09-20,11:46
2009092001,MIN@DET,0.0,2,2009-09-20,12:58
2009092003,ARI@JAC,0.0,2,2009-09-20,13:17
2009092002,CIN@GB,0.0,2,2009-09-20,13:53
2009092006,NO@PHI,3.0,2,2009-09-20,01:31
2009092014,NYG@DAL,4.0,2,2009-09-20,01:57
2009092002,CIN@GB,6.0,2,2009-09-20,08:42
2009092004,OAK@KC,7.0,2,2009-09-20,02:39
2009092001,MIN@DET,7.0,2,2009-09-20,10:08
2009092011,PIT@CHI,8.0,2,2009-09-20,09:50
2009092014,NYG@DAL,9.0,2,2009-09-20,03:46
2009092008,STL@WAS,15.0,2,2009-09-20,14:05
2009092007,HOU@TEN,15.0,2,2009-09-20,14:55
2009092012,CLE@DEN,17.0,2,2009-09-20,06:30
2009092009,TB@BUF,19.0,2,2009-09-20,07:15
2009092006,NO@PHI,31.0,2,2009-09-20,01:57
2009092002,CIN@GB,60.0,2,2009-09-20,11:42
2009092006,NO@PHI,-6.0,3,2009-09-20,10:43
2009092007,HOU@TEN,-2.0,3,2009-09-20,07:22
2009092007,HOU@TEN,0.0,3,2009-09-20,00:04
2009092001,MIN@DET,0.0,3,2009-09-20,00:49
2009092014,NYG@DAL,0.0,3,2009-09-20,02:04
2009092009,TB@BUF,0.0,3,2009-09-20,02:07
2009092009,TB@BUF,0.0,3,2009-09-20,02:18
2009092005,NE@NYJ,0.0,3,2009-09-20,03:09
2009092001,MIN@DET,0.0,3,2009-09-20,03:12
2009092005,NE@NYJ,0.0,3,2009-09-20,03:26
2009092004,OAK@KC,0.0,3,2009-09-20,05:52
2009092014,NYG@DAL,0.0,3,2009-09-20,06:14
2009092010,SEA@SF,0.0,3,2009-09-20,07:48
2009092012,CLE@DEN,0.0,3,2009-09-20,08:30
2009092014,NYG@DAL,0.0,3,2009-09-20,09:23
2009092009,TB@BUF,0.0,3,2009-09-20,09:59
2009092009,TB@BUF,0.0,3,2009-09-20,11:37
2009092007,HOU@TEN,0.0,3,2009-09-20,11:52
2009092002,CIN@GB,0.0,3,2009-09-20,11:54
2009092013,BAL@SD,0.0,3,2009-09-20,12:22
2009092005,NE@NYJ,0.0,3,2009-09-20,12:31
2009092011,PIT@CHI,0.0,3,2009-09-20,13:10
2009092013,BAL@SD,0.0,3,2009-09-20,13:19
2009092003,ARI@JAC,0.0,3,2009-09-20,13:34
2009092008,STL@WAS,0.0,3,2009-09-20,14:03
2009092011,PIT@CHI,2.0,3,2009-09-20,10:52
2009092009,TB@BUF,5.0,3,2009-09-20,07:20
2009092001,MIN@DET,9.0,3,2009-09-20,05:07
2009092012,CLE@DEN,10.0,3,2009-09-20,01:11
2009092011,PIT@CHI,10.0,3,2009-09-20,02:24
2009092004,OAK@KC,10.0,3,2009-09-20,04:21
2009092010,SEA@SF,11.0,3,2009-09-20,11:50
2009092011,PIT@CHI,12.0,3,2009-09-20,14:16
2009092001,MIN@DET,13.0,3,2009-09-20,13:06
2009092010,SEA@SF,14.0,3,2009-09-20,13:22
2009092007,HOU@TEN,15.0,3,2009-09-20,09:02
2009092007,HOU@TEN,16.0,3,2009-09-20,14:04
2009092010,SEA@SF,19.0,3,2009-09-20,02:42
2009092011,PIT@CHI,19.0,3,2009-09-20,07:10
2009092010,SEA@SF,0.0,4,2009-09-20,00:31
2009092003,ARI@JAC,0.0,4,2009-09-20,02:59
2009092002,CIN@GB,0.0,4,2009-09-20,04:09
2009092013,BAL@SD,0.0,4,2009-09-20,04:54
2009092005,NE@NYJ,0.0,4,2009-09-20,05:10
2009092012,CLE@DEN,0.0,4,2009-09-20,07:01
2009092007,HOU@TEN,0.0,4,2009-09-20,07:23
2009092007,HOU@TEN,0.0,4,2009-09-20,08:52
2009092008,STL@WAS,0.0,4,2009-09-20,09:25
2009092004,OAK@KC,0.0,4,2009-09-20,09:32
2009092002,CIN@GB,0.0,4,2009-09-20,09:41
2009092012,CLE@DEN,0.0,4,2009-09-20,10:05
2009092002,CIN@GB,0.0,4,2009-09-20,11:57
2009092003,ARI@JAC,0.0,4,2009-09-20,12:28
2009092006,NO@PHI,0.0,4,2009-09-20,12:56
2009092010,SEA@SF,1.0,4,2009-09-20,05:54
2009092004,OAK@KC,1.0,4,2009-09-20,12:47
2009092006,NO@PHI,1.0,4,2009-09-20,13:55
2009092005,NE@NYJ,2.0,4,2009-09-20,02:00
2009092002,CIN@GB,4.0,4,2009-09-20,08:08
2009092000,CAR@ATL,7.0,4,2009-09-20,05:46
2009092008,STL@WAS,7.0,4,2009-09-20,11:15
2009092014,NYG@DAL,7.0,4,2009-09-20,12:35
2009092007,HOU@TEN,9.0,4,2009-09-20,14:11
2009092000,CAR@ATL,10.0,4,2009-09-20,00:41
2009092005,NE@NYJ,11.0,4,2009-09-20,03:49
2009092010,SEA@SF,11.0,4,2009-09-20,05:24
2009092003,ARI@JAC,11.0,4,2009-09-20,06:18
2009092009,TB@BUF,15.0,4,2009-09-20,10:35
2009092005,NE@NYJ,16.0,4,2009-09-20,06:53
2009092004,OAK@KC,18.0,4,2009-09-20,07:13
2009092002,CIN@GB,32.0,4,2009-09-20,02:52
2009092100,IND@MIA,0.0,1,2009-09-21,05:54
2009092100,IND@MIA,0.0,2,2009-09-21,03:18
2009092100,IND@MIA,2.0,2,2009-09-21,04:51
2009092100,IND@MIA,8.0,3,2009-09-21,07:20
2009092714,IND@ARI,-7.0,1,2009-09-27,06:13
2009092704,SF@MIN,0.0,1,2009-09-27,01:00
2009092703,JAC@HOU,0.0,1,2009-09-27,03:20
2009092703,JAC@HOU,0.0,1,2009-09-27,04:55
2009092706,KC@PHI,0.0,1,2009-09-27,04:56
2009092711,TEN@NYJ,0.0,1,2009-09-27,05:26
2009092701,PIT@CIN,0.0,1,2009-09-27,05:39
2009092709,NO@BUF,0.0,1,2009-09-27,06:37
2009092704,SF@MIN,0.0,1,2009-09-27,07:06
2009092714,IND@ARI,0.0,1,2009-09-27,08:09
2009092706,KC@PHI,0.0,1,2009-09-27,09:24
2009092714,IND@ARI,0.0,1,2009-09-27,10:26
2009092713,MIA@SD,0.0,1,2009-09-27,11:00
2009092702,WAS@DET,0.0,1,2009-09-27,11:18
2009092704,SF@MIN,0.0,1,2009-09-27,11:27
2009092714,IND@ARI,0.0,1,2009-09-27,12:02
2009092701,PIT@CIN,0.0,1,2009-09-27,13:30
2009092711,TEN@NYJ,1.0,1,2009-09-27,01:08
2009092704,SF@MIN,3.0,1,2009-09-27,13:34
2009092712,DEN@OAK,4.0,1,2009-09-27,14:26
2009092700,CLE@BAL,8.0,1,2009-09-27,07:31
2009092706,KC@PHI,10.0,1,2009-09-27,13:33
2009092711,TEN@NYJ,12.0,1,2009-09-27,02:26
2009092714,IND@ARI,12.0,1,2009-09-27,14:17
2009092704,SF@MIN,13.0,1,2009-09-27,12:37
2009092708,NYG@TB,20.0,1,2009-09-27,04:24
2009092708,NYG@TB,20.0,1,2009-09-27,06:06
2009092704,SF@MIN,32.0,1,2009-09-27,00:06
2009092706,KC@PHI,-3.0,2,2009-09-27,00:04
2009092709,NO@BUF,-1.0,2,2009-09-27,03:20
2009092709,NO@BUF,0.0,2,2009-09-27,02:00
2009092704,SF@MIN,0.0,2,2009-09-27,02:02
2009092711,TEN@NYJ,0.0,2,2009-09-27,02:04
2009092700,CLE@BAL,0.0,2,2009-09-27,03:35
2009092711,TEN@NYJ,0.0,2,2009-09-27,04:32
2009092706,KC@PHI,0.0,2,2009-09-27,06:22
2009092701,PIT@CIN,0.0,2,2009-09-27,06:46
2009092710,CHI@SEA,0.0,2,2009-09-27,07:12
2009092713,MIA@SD,0.0,2,2009-09-27,07:19
2009092705,ATL@NE,0.0,2,2009-09-27,07:24
2009092711,TEN@NYJ,0.0,2,2009-09-27,07:47
2009092709,NO@BUF,0.0,2,2009-09-27,08:06
2009092703,JAC@HOU,0.0,2,2009-09-27,09:14
2009092708,NYG@TB,0.0,2,2009-09-27,11:55
2009092707,GB@STL,0.0,2,2009-09-27,12:56
2009092708,NYG@TB,0.0,2,2009-09-27,13:08
2009092700,CLE@BAL,0.0,2,2009-09-27,13:20
2009092702,WAS@DET,0.0,2,2009-09-27,14:03
2009092705,ATL@NE,0.0,2,2009-09-27,14:15
2009092710,CHI@SEA,0.0,2,2009-09-27,14:24
2009092701,PIT@CIN,0.0,2,2009-09-27,14:55
2009092704,SF@MIN,1.0,2,2009-09-27,07:19
2009092714,IND@ARI,2.0,2,2009-09-27,03:52
2009092708,NYG@TB,3.0,2,2009-09-27,07:03
2009092710,CHI@SEA,6.0,2,2009-09-27,08:27
2009092706,KC@PHI,8.0,2,2009-09-27,06:35
2009092708,NYG@TB,8.0,2,2009-09-27,09:47
2009092706,KC@PHI,8.0,2,2009-09-27,15:00
2009092709,NO@BUF,9.0,2,2009-09-27,00:36
2009092708,NYG@TB,9.0,2,2009-09-27,08:44
2009092703,JAC@HOU,13.0,2,2009-09-27,08:14
2009092714,IND@ARI,20.0,2,2009-09-27,08:24
2009092702,WAS@DET,23.0,2,2009-09-27,07:06
2009092711,TEN@NYJ,0.0,3,2009-09-27,00:12
2009092702,WAS@DET,0.0,3,2009-09-27,00:20
2009092702,WAS@DET,0.0,3,2009-09-27,02:54
2009092706,KC@PHI,0.0,3,2009-09-27,03:33
2009092714,IND@ARI,0.0,3,2009-09-27,04:41
2009092709,NO@BUF,0.0,3,2009-09-27,06:35
2009092707,GB@STL,0.0,3,2009-09-27,06:42
2009092712,DEN@OAK,0.0,3,2009-09-27,06:53
2009092705,ATL@NE,0.0,3,2009-09-27,07:00
2009092711,TEN@NYJ,0.0,3,2009-09-27,07:09
2009092710,CHI@SEA,0.0,3,2009-09-27,07:53
2009092711,TEN@NYJ,0.0,3,2009-09-27,08:38
2009092702,WAS@DET,0.0,3,2009-09-27,09:17
2009092711,TEN@NYJ,0.0,3,2009-09-27,09:38
2009092701,PIT@CIN,0.0,3,2009-09-27,09:54
2009092704,SF@MIN,0.0,3,2009-09-27,12:37
2009092706,KC@PHI,0.0,3,2009-09-27,12:47
2009092709,NO@BUF,0.0,3,2009-09-27,13:14
2009092707,GB@STL,0.0,3,2009-09-27,14:05
2009092713,MIA@SD,3.0,3,2009-09-27,12:22
2009092707,GB@STL,6.0,3,2009-09-27,01:23
2009092708,NYG@TB,7.0,3,2009-09-27,04:05
2009092704,SF@MIN,8.0,3,2009-09-27,02:18
2009092708,NYG@TB,8.0,3,2009-09-27,13:27
2009092707,GB@STL,9.0,3,2009-09-27,03:15
2009092713,MIA@SD,9.0,3,2009-09-27,11:25
2009092702,WAS@DET,10.0,3,2009-09-27,05:18
2009092704,SF@MIN,10.0,3,2009-09-27,10:30
2009092700,CLE@BAL,11.0,3,2009-09-27,12:41
2009092711,TEN@NYJ,13.0,3,2009-09-27,03:36
2009092707,GB@STL,14.0,3,2009-09-27,08:08
2009092710,CHI@SEA,-3.0,4,2009-09-27,12:55
2009092700,CLE@BAL,0.0,4,2009-09-27,00:36
2009092702,WAS@DET,0.0,4,2009-09-27,01:12
2009092704,SF@MIN,0.0,4,2009-09-27,01:36
2009092709,NO@BUF,0.0,4,2009-09-27,01:45
2009092711,TEN@NYJ,0.0,4,2009-09-27,03:00
2009092700,CLE@BAL,0.0,4,2009-09-27,04:19
2009092706,KC@PHI,0.0,4,2009-09-27,04:52
2009092703,JAC@HOU,0.0,4,2009-09-27,05:38
2009092705,ATL@NE,0.0,4,2009-09-27,07:02
2009092703,JAC@HOU,0.0,4,2009-09-27,07:11
2009092707,GB@STL,0.0,4,2009-09-27,07:45
2009092712,DEN@OAK,0.0,4,2009-09-27,08:22
2009092711,TEN@NYJ,0.0,4,2009-09-27,08:26
2009092702,WAS@DET,0.0,4,2009-09-27,09:14
2009092712,DEN@OAK,0.0,4,2009-09-27,09:19
2009092706,KC@PHI,0.0,4,2009-09-27,09:47
2009092711,TEN@NYJ,0.0,4,2009-09-27,10:02
2009092709,NO@BUF,0.0,4,2009-09-27,11:09
2009092702,WAS@DET,0.0,4,2009-09-27,11:09
2009092703,JAC@HOU,0.0,4,2009-09-27,11:56
2009092708,NYG@TB,0.0,4,2009-09-27,12:07
2009092702,WAS@DET,0.0,4,2009-09-27,12:11
2009092713,MIA@SD,0.0,4,2009-09-27,12:14
2009092705,ATL@NE,0.0,4,2009-09-27,12:33
2009092709,NO@BUF,0.0,4,2009-09-27,12:48
2009092701,PIT@CIN,0.0,4,2009-09-27,12:52
2009092704,SF@MIN,0.0,4,2009-09-27,12:56
2009092711,TEN@NYJ,0.0,4,2009-09-27,13:38
2009092706,KC@PHI,0.0,4,2009-09-27,15:00
2009092709,NO@BUF,1.0,4,2009-09-27,07:30
2009092705,ATL@NE,2.0,4,2009-09-27,11:05
2009092709,NO@BUF,4.0,4,2009-09-27,15:00
2009092700,CLE@BAL,5.0,4,2009-09-27,02:56
2009092704,SF@MIN,5.0,4,2009-09-27,03:37
2009092704,SF@MIN,5.0,4,2009-09-27,06:02
2009092712,DEN@OAK,7.0,4,2009-09-27,05:37
2009092707,GB@STL,7.0,4,2009-09-27,10:50
2009092709,NO@BUF,7.0,4,2009-09-27,13:45
2009092714,IND@ARI,8.0,4,2009-09-27,08:52
2009092714,IND@ARI,9.0,4,2009-09-27,10:24
2009092710,CHI@SEA,9.0,4,2009-09-27,10:52
2009092708,NYG@TB,12.0,4,2009-09-27,09:50
2009092713,MIA@SD,12.0,4,2009-09-27,14:55
2009092700,CLE@BAL,15.0,4,2009-09-27,08:50
2009092700,CLE@BAL,15.0,4,2009-09-27,10:37
2009092701,PIT@CIN,17.0,4,2009-09-27,05:26
2009092712,DEN@OAK,17.0,4,2009-09-27,07:56
2009092706,KC@PHI,21.0,4,2009-09-27,11:23
2009092711,TEN@NYJ,37.0,4,2009-09-27,07:32
2009092800,CAR@DAL,0.0,1,2009-09-28,06:05
2009092800,CAR@DAL,2.0,1,2009-09-28,03:05
2009092800,CAR@DAL,9.0,1,2009-09-28,00:42
2009092800,CAR@DAL,0.0,2,2009-09-28,00:15
2009092800,CAR@DAL,0.0,2,2009-09-28,03:02
2009092800,CAR@DAL,0.0,2,2009-09-28,10:41
2009092800,CAR@DAL,0.0,3,2009-09-28,03:35
2009092800,CAR@DAL,17.0,3,2009-09-28,07:56
2009092800,CAR@DAL,27.0,3,2009-09-28,13:36
2009092800,CAR@DAL,0.0,4,2009-09-28,06:05
2009092800,CAR@DAL,5.0,4,2009-09-28,10:41
2009100407,TB@WAS,-1.0,1,2009-10-04,08:22
2009100405,NYG@KC,0.0,1,2009-10-04,00:23
2009100403,SEA@IND,0.0,1,2009-10-04,01:15
2009100412,SD@PIT,0.0,1,2009-10-04,01:28
2009100404,TEN@JAC,0.0,1,2009-10-04,01:41
2009100411,STL@SF,0.0,1,2009-10-04,02:33
2009100408,BUF@MIA,0.0,1,2009-10-04,02:50
2009100409,NYJ@NO,0.0,1,2009-10-04,03:07
2009100400,DET@CHI,0.0,1,2009-10-04,03:48
2009100409,NYJ@NO,0.0,1,2009-10-04,04:50
2009100408,BUF@MIA,0.0,1,2009-10-04,06:18
2009100401,CIN@CLE,0.0,1,2009-10-04,07:30
2009100410,DAL@DEN,0.0,1,2009-10-04,09:32
2009100405,NYG@KC,0.0,1,2009-10-04,10:27
2009100411,STL@SF,0.0,1,2009-10-04,10:43
2009100410,DAL@DEN,0.0,1,2009-10-04,10:49
2009100403,SEA@IND,0.0,1,2009-10-04,11:55
2009100402,OAK@HOU,0.0,1,2009-10-04,11:57
2009100411,STL@SF,0.0,1,2009-10-04,14:05
2009100404,TEN@JAC,0.0,1,2009-10-04,14:07
2009100402,OAK@HOU,2.0,1,2009-10-04,09:46
2009100411,STL@SF,3.0,1,2009-10-04,00:32
2009100404,TEN@JAC,4.0,1,2009-10-04,05:16
2009100407,TB@WAS,4.0,1,2009-10-04,05:19
2009100407,TB@WAS,5.0,1,2009-10-04,11:32
2009100410,DAL@DEN,10.0,1,2009-10-04,04:35
2009100408,BUF@MIA,12.0,1,2009-10-04,12:10
2009100412,SD@PIT,20.0,1,2009-10-04,10:49
2009100402,OAK@HOU,23.0,1,2009-10-04,06:12
2009100400,DET@CHI,24.0,1,2009-10-04,00:42
2009100408,BUF@MIA,31.0,1,2009-10-04,11:10
2009100404,TEN@JAC,34.0,1,2009-10-04,08:13
2009100401,CIN@CLE,0.0,2,2009-10-04,00:22
2009100408,BUF@MIA,0.0,2,2009-10-04,00:36
2009100412,SD@PIT,0.0,2,2009-10-04,00:38
2009100409,NYJ@NO,0.0,2,2009-10-04,00:43
2009100411,STL@SF,0.0,2,2009-10-04,01:11
2009100410,DAL@DEN,0.0,2,2009-10-04,02:00
2009100405,NYG@KC,0.0,2,2009-10-04,02:00
2009100407,TB@WAS,0.0,2,2009-10-04,04:42
2009100400,DET@CHI,0.0,2,2009-10-04,04:59
2009100411,STL@SF,0.0,2,2009-10-04,05:40
2009100405,NYG@KC,0.0,2,2009-10-04,05:58
2009100405,NYG@KC,0.0,2,2009-10-04,06:06
2009100410,DAL@DEN,0.0,2,2009-10-04,06:36
2009100404,TEN@JAC,0.0,2,2009-10-04,06:39
2009100401,CIN@CLE,0.0,2,2009-10-04,06:43
2009100406,BAL@NE,0.0,2,2009-10-04,08:05
2009100411,STL@SF,0.0,2,2009-10-04,08:20
2009100405,NYG@KC,0.0,2,2009-10-04,08:28
2009100403,SEA@IND,0.0,2,2009-10-04,09:36
2009100412,SD@PIT,0.0,2,2009-10-04,09:49
2009100405,NYG@KC,0.0,2,2009-10-04,10:32
2009100406,BAL@NE,0.0,2,2009-10-04,11:51
2009100409,NYJ@NO,0.0,2,2009-10-04,13:32
2009100403,SEA@IND,0.0,2,2009-10-04,15:00
2009100401,CIN@CLE,3.0,2,2009-10-04,10:46
2009100401,CIN@CLE,4.0,2,2009-10-04,05:10
2009100401,CIN@CLE,5.0,2,2009-10-04,09:08
2009100410,DAL@DEN,5.0,2,2009-10-04,13:20
2009100411,STL@SF,6.0,2,2009-10-04,00:43
2009100406,BAL@NE,9.0,2,2009-10-04,07:02
2009100412,SD@PIT,9.0,2,2009-10-04,07:45
2009100408,BUF@MIA,11.0,2,2009-10-04,03:31
2009100402,OAK@HOU,11.0,2,2009-10-04,10:14
2009100405,NYG@KC,11.0,2,2009-10-04,12:45
2009100407,TB@WAS,11.0,2,2009-10-04,13:41
2009100402,OAK@HOU,13.0,2,2009-10-04,13:54
2009100400,DET@CHI,25.0,2,2009-10-04,09:13
2009100401,CIN@CLE,39.0,2,2009-10-04,03:34
2009100400,DET@CHI,0.0,3,2009-10-04,00:04
2009100402,OAK@HOU,0.0,3,2009-10-04,00:07
2009100411,STL@SF,0.0,3,2009-10-04,01:31
2009100404,TEN@JAC,0.0,3,2009-10-04,02:08
2009100411,STL@SF,0.0,3,2009-10-04,02:55
2009100402,OAK@HOU,0.0,3,2009-10-04,03:18
2009100411,STL@SF,0.0,3,2009-10-04,03:53
2009100402,OAK@HOU,0.0,3,2009-10-04,06:37
2009100400,DET@CHI,0.0,3,2009-10-04,07:06
2009100405,NYG@KC,0.0,3,2009-10-04,08:40
2009100407,TB@WAS,0.0,3,2009-10-04,09:08
2009100402,OAK@HOU,0.0,3,2009-10-04,09:09
2009100410,DAL@DEN,0.0,3,2009-10-04,09:15
2009100409,NYJ@NO,0.0,3,2009-10-04,10:28
2009100406,BAL@NE,0.0,3,2009-10-04,10:30
2009100402,OAK@HOU,0.0,3,2009-10-04,10:46
2009100409,NYJ@NO,0.0,3,2009-10-04,11:58
2009100412,SD@PIT,0.0,3,2009-10-04,12:58
2009100409,NYJ@NO,0.0,3,2009-10-04,13:04
2009100402,OAK@HOU,1.0,3,2009-10-04,02:22
2009100403,SEA@IND,3.0,3,2009-10-04,06:13
2009100411,STL@SF,3.0,3,2009-10-04,12:49
2009100407,TB@WAS,4.0,3,2009-10-04,01:41
2009100410,DAL@DEN,4.0,3,2009-10-04,06:22
2009100405,NYG@KC,8.0,3,2009-10-04,00:35
2009100400,DET@CHI,8.0,3,2009-10-04,08:41
2009100400,DET@CHI,10.0,3,2009-10-04,01:11
2009100401,CIN@CLE,10.0,3,2009-10-04,07:26
2009100402,OAK@HOU,10.0,3,2009-10-04,12:56
2009100400,DET@CHI,20.0,3,2009-10-04,12:32
2009100409,NYJ@NO,22.0,3,2009-10-04,02:30
2009100402,OAK@HOU,-4.0,4,2009-10-04,11:15
2009100401,CIN@CLE,0.0,4,2009-10-04,00:19
2009100402,OAK@HOU,0.0,4,2009-10-04,01:40
2009100409,NYJ@NO,0.0,4,2009-10-04,01:55
2009100407,TB@WAS,0.0,4,2009-10-04,02:00
2009100406,BAL@NE,0.0,4,2009-10-04,03:39
2009100411,STL@SF,0.0,4,2009-10-04,03:48
2009100405,NYG@KC,0.0,4,2009-10-04,04:04
2009100402,OAK@HOU,0.0,4,2009-10-04,05:01
2009100402,OAK@HOU,0.0,4,2009-10-04,07:19
2009100401,CIN@CLE,0.0,4,2009-10-04,10:21
2009100404,TEN@JAC,0.0,4,2009-10-04,10:27
2009100408,BUF@MIA,0.0,4,2009-10-04,11:02
2009100410,DAL@DEN,0.0,4,2009-10-04,11:25
2009100409,NYJ@NO,0.0,4,2009-10-04,13:10
2009100403,SEA@IND,0.0,4,2009-10-04,13:28
2009100412,SD@PIT,0.0,4,2009-10-04,13:52
2009100407,TB@WAS,0.0,4,2009-10-04,14:28
2009100409,NYJ@NO,0.0,4,2009-10-04,15:00
2009100411,STL@SF,1.0,4,2009-10-04,02:00
2009100401,CIN@CLE,5.0,4,2009-10-04,14:07
2009100408,BUF@MIA,8.0,4,2009-10-04,04:20
2009100404,TEN@JAC,8.0,4,2009-10-04,09:05
2009100408,BUF@MIA,9.0,4,2009-10-04,08:31
2009100405,NYG@KC,9.0,4,2009-10-04,08:38
2009100410,DAL@DEN,13.0,4,2009-10-04,02:57
2009100410,DAL@DEN,14.0,4,2009-10-04,09:47
2009100410,DAL@DEN,15.0,4,2009-10-04,13:42
2009100408,BUF@MIA,16.0,4,2009-10-04,06:05
2009100403,SEA@IND,22.0,4,2009-10-04,12:13
2009100401,CIN@CLE,50.0,4,2009-10-04,08:52
2009100401,CIN@CLE,0.0,5,2009-10-04,03:32
2009100401,CIN@CLE,0.0,5,2009-10-04,09:10
2009100401,CIN@CLE,0.0,5,2009-10-04,11:20
2009100401,CIN@CLE,0.0,5,2009-10-04,12:52
2009100401,CIN@CLE,10.0,5,2009-10-04,07:35
2009100401,CIN@CLE,11.0,5,2009-10-04,06:30
2009100500,GB@MIN,0.0,1,2009-10-05,01:06
2009100500,GB@MIN,18.0,2,2009-10-05,03:42
2009100500,GB@MIN,0.0,4,2009-10-05,03:20
2009100500,GB@MIN,0.0,4,2009-10-05,05:08
2009100500,GB@MIN,0.0,4,2009-10-05,09:00
2009100500,GB@MIN,0.0,4,2009-10-05,13:00
2009100500,GB@MIN,24.0,4,2009-10-05,11:17
2009101111,JAC@SEA,-1.0,1,2009-10-11,10:08
2009101104,DAL@KC,0.0,1,2009-10-11,00:24
2009101102,WAS@CAR,0.0,1,2009-10-11,03:02
2009101101,CLE@BUF,0.0,1,2009-10-11,04:29
2009101101,CLE@BUF,0.0,1,2009-10-11,04:41
2009101112,IND@TEN,0.0,1,2009-10-11,06:04
2009101102,WAS@CAR,0.0,1,2009-10-11,06:44
2009101109,HOU@ARI,0.0,1,2009-10-11,07:14
2009101101,CLE@BUF,0.0,1,2009-10-11,07:16
2009101104,DAL@KC,0.0,1,2009-10-11,07:29
2009101106,TB@PHI,0.0,1,2009-10-11,09:25
2009101104,DAL@KC,0.0,1,2009-10-11,10:00
2009101111,JAC@SEA,0.0,1,2009-10-11,12:13
2009101112,IND@TEN,0.0,1,2009-10-11,12:15
2009101101,CLE@BUF,0.0,1,2009-10-11,12:19
2009101109,HOU@ARI,0.0,1,2009-10-11,13:51
2009101108,ATL@SF,0.0,1,2009-10-11,14:03
2009101103,PIT@DET,1.0,1,2009-10-11,14:05
2009101105,OAK@NYG,2.0,1,2009-10-11,01:44
2009101105,OAK@NYG,2.0,1,2009-10-11,05:04
2009101108,ATL@SF,3.0,1,2009-10-11,09:48
2009101102,WAS@CAR,3.0,1,2009-10-11,12:17
2009101106,TB@PHI,4.0,1,2009-10-11,13:08
2009101111,JAC@SEA,7.0,1,2009-10-11,00:22
2009101106,TB@PHI,9.0,1,2009-10-11,02:14
2009101102,WAS@CAR,10.0,1,2009-10-11,10:07
2009101106,TB@PHI,11.0,1,2009-10-11,08:08
2009101107,MIN@STL,12.0,1,2009-10-11,06:12
2009101101,CLE@BUF,15.0,1,2009-10-11,10:10
2009101110,NE@DEN,16.0,1,2009-10-11,02:29
2009101101,CLE@BUF,22.0,1,2009-10-11,02:58
2009101104,DAL@KC,-1.0,2,2009-10-11,08:49
2009101111,JAC@SEA,-1.0,2,2009-10-11,14:08
2009101104,DAL@KC,0.0,2,2009-10-11,00:07
2009101105,OAK@NYG,0.0,2,2009-10-11,00:51
2009101103,PIT@DET,0.0,2,2009-10-11,01:10
2009101109,HOU@ARI,0.0,2,2009-10-11,01:24
2009101111,JAC@SEA,0.0,2,2009-10-11,01:30
2009101105,OAK@NYG,0.0,2,2009-10-11,03:38
2009101109,HOU@ARI,0.0,2,2009-10-11,04:31
2009101100,CIN@BAL,0.0,2,2009-10-11,05:37
2009101104,DAL@KC,0.0,2,2009-10-11,05:43
2009101102,WAS@CAR,0.0,2,2009-10-11,06:23
2009101111,JAC@SEA,0.0,2,2009-10-11,06:23
2009101105,OAK@NYG,0.0,2,2009-10-11,07:34
2009101100,CIN@BAL,0.0,2,2009-10-11,08:26
2009101108,ATL@SF,0.0,2,2009-10-11,08:33
2009101110,NE@DEN,0.0,2,2009-10-11,09:42
2009101101,CLE@BUF,0.0,2,2009-10-11,11:02
2009101112,IND@TEN,0.0,2,2009-10-11,11:52
2009101101,CLE@BUF,0.0,2,2009-10-11,12:56
2009101111,JAC@SEA,0.0,2,2009-10-11,13:14
2009101110,NE@DEN,0.0,2,2009-10-11,13:40
2009101108,ATL@SF,0.0,2,2009-10-11,15:00
2009101108,ATL@SF,2.0,2,2009-10-11,04:57
2009101109,HOU@ARI,2.0,2,2009-10-11,09:37
2009101111,JAC@SEA,2.0,2,2009-10-11,14:51
2009101111,JAC@SEA,6.0,2,2009-10-11,03:15
2009101109,HOU@ARI,8.0,2,2009-10-11,06:43
2009101109,HOU@ARI,9.0,2,2009-10-11,11:43
2009101103,PIT@DET,11.0,2,2009-10-11,09:17
2009101100,CIN@BAL,15.0,2,2009-10-11,02:44
2009101105,OAK@NYG,15.0,2,2009-10-11,10:29
2009101112,IND@TEN,15.0,2,2009-10-11,13:44
2009101101,CLE@BUF,-15.0,3,2009-10-11,00:02
2009101100,CIN@BAL,-1.0,3,2009-10-11,09:39
2009101104,DAL@KC,0.0,3,2009-10-11,00:24
2009101112,IND@TEN,0.0,3,2009-10-11,01:17
2009101110,NE@DEN,0.0,3,2009-10-11,01:33
2009101108,ATL@SF,0.0,3,2009-10-11,02:52
2009101112,IND@TEN,0.0,3,2009-10-11,04:42
2009101107,MIN@STL,0.0,3,2009-10-11,06:07
2009101107,MIN@STL,0.0,3,2009-10-11,07:50
2009101101,CLE@BUF,0.0,3,2009-10-11,08:15
2009101111,JAC@SEA,0.0,3,2009-10-11,09:12
2009101109,HOU@ARI,0.0,3,2009-10-11,09:40
2009101102,WAS@CAR,0.0,3,2009-10-11,11:13
2009101104,DAL@KC,0.0,3,2009-10-11,11:26
2009101106,TB@PHI,0.0,3,2009-10-11,11:33
2009101100,CIN@BAL,0.0,3,2009-10-11,12:13
2009101104,DAL@KC,0.0,3,2009-10-11,13:04
2009101107,MIN@STL,0.0,3,2009-10-11,13:10
2009101106,TB@PHI,0.0,3,2009-10-11,13:57
2009101110,NE@DEN,0.0,3,2009-10-11,14:02
2009101110,NE@DEN,2.0,3,2009-10-11,00:31
2009101108,ATL@SF,3.0,3,2009-10-11,02:04
2009101106,TB@PHI,7.0,3,2009-10-11,09:29
2009101109,HOU@ARI,8.0,3,2009-10-11,00:44
2009101101,CLE@BUF,8.0,3,2009-10-11,04:45
2009101108,ATL@SF,10.0,3,2009-10-11,05:04
2009101100,CIN@BAL,11.0,3,2009-10-11,07:22
2009101105,OAK@NYG,14.0,3,2009-10-11,03:12
2009101105,OAK@NYG,16.0,3,2009-10-11,13:32
2009101109,HOU@ARI,62.0,3,2009-10-11,13:14
2009101105,OAK@NYG,-2.0,4,2009-10-11,02:07
2009101110,NE@DEN,-1.0,4,2009-10-11,04:00
2009101110,NE@DEN,0.0,4,2009-10-11,00:15
2009101112,IND@TEN,0.0,4,2009-10-11,01:06
2009101106,TB@PHI,0.0,4,2009-10-11,01:49
2009101100,CIN@BAL,0.0,4,2009-10-11,02:22
2009101101,CLE@BUF,0.0,4,2009-10-11,04:14
2009101102,WAS@CAR,0.0,4,2009-10-11,05:16
2009101100,CIN@BAL,0.0,4,2009-10-11,05:36
2009101106,TB@PHI,0.0,4,2009-10-11,05:50
2009101112,IND@TEN,0.0,4,2009-10-11,05:58
2009101109,HOU@ARI,0.0,4,2009-10-11,06:02
2009101101,CLE@BUF,0.0,4,2009-10-11,07:24
2009101110,NE@DEN,0.0,4,2009-10-11,10:10
2009101102,WAS@CAR,0.0,4,2009-10-11,10:15
2009101101,CLE@BUF,0.0,4,2009-10-11,11:02
2009101111,JAC@SEA,0.0,4,2009-10-11,12:05
2009101101,CLE@BUF,0.0,4,2009-10-11,12:29
2009101100,CIN@BAL,0.0,4,2009-10-11,13:59
2009101101,CLE@BUF,0.0,4,2009-10-11,14:00
2009101105,OAK@NYG,1.0,4,2009-10-11,08:44
2009101108,ATL@SF,2.0,4,2009-10-11,00:39
2009101100,CIN@BAL,3.0,4,2009-10-11,10:26
2009101103,PIT@DET,4.0,4,2009-10-11,03:17
2009101102,WAS@CAR,4.0,4,2009-10-11,12:22
2009101110,NE@DEN,6.0,4,2009-10-11,02:40
2009101103,PIT@DET,7.0,4,2009-10-11,08:06
2009101103,PIT@DET,9.0,4,2009-10-11,12:04
2009101109,HOU@ARI,13.0,4,2009-10-11,11:23
2009101103,PIT@DET,14.0,4,2009-10-11,10:08
2009101104,DAL@KC,0.0,5,2009-10-11,10:10
2009101104,DAL@KC,0.0,5,2009-10-11,12:10
2009101104,DAL@KC,7.0,5,2009-10-11,11:11
2009101200,NYJ@MIA,0.0,2,2009-10-12,10:40
2009101200,NYJ@MIA,9.0,2,2009-10-12,08:21
2009101200,NYJ@MIA,10.0,2,2009-10-12,01:13
2009101200,NYJ@MIA,0.0,3,2009-10-12,10:23
2009101200,NYJ@MIA,0.0,3,2009-10-12,12:23
2009101200,NYJ@MIA,9.0,3,2009-10-12,08:08
2009101200,NYJ@MIA,0.0,4,2009-10-12,08:54
2009101200,NYJ@MIA,10.0,4,2009-10-12,07:06
2009101801,DET@GB,0.0,1,2009-10-18,01:56
2009101812,CHI@ATL,0.0,1,2009-10-18,02:32
2009101803,BAL@MIN,0.0,1,2009-10-18,03:42
2009101802,STL@JAC,0.0,1,2009-10-18,03:47
2009101810,TEN@NE,0.0,1,2009-10-18,05:04
2009101804,NYG@NO,0.0,1,2009-10-18,05:08
2009101812,CHI@ATL,0.0,1,2009-10-18,05:10
2009101808,PHI@OAK,0.0,1,2009-10-18,05:35
2009101805,CLE@PIT,0.0,1,2009-10-18,06:22
2009101800,HOU@CIN,0.0,1,2009-10-18,06:32
2009101806,CAR@TB,0.0,1,2009-10-18,07:13
2009101806,CAR@TB,0.0,1,2009-10-18,07:23
2009101807,KC@WAS,0.0,1,2009-10-18,07:40
2009101808,PHI@OAK,0.0,1,2009-10-18,07:46
2009101807,KC@WAS,0.0,1,2009-10-18,08:46
2009101805,CLE@PIT,0.0,1,2009-10-18,09:39
2009101808,PHI@OAK,0.0,1,2009-10-18,10:21
2009101800,HOU@CIN,0.0,1,2009-10-18,11:02
2009101805,CLE@PIT,0.0,1,2009-10-18,12:03
2009101811,BUF@NYJ,0.0,1,2009-10-18,14:00
2009101807,KC@WAS,0.0,1,2009-10-18,14:10
2009101801,DET@GB,1.0,1,2009-10-18,06:07
2009101810,TEN@NE,1.0,1,2009-10-18,08:27
2009101808,PHI@OAK,1.0,1,2009-10-18,12:16
2009101806,CAR@TB,6.0,1,2009-10-18,13:25
2009101803,BAL@MIN,8.0,1,2009-10-18,05:21
2009101802,STL@JAC,11.0,1,2009-10-18,05:52
2009101803,BAL@MIN,13.0,1,2009-10-18,09:48
2009101808,PHI@OAK,14.0,1,2009-10-18,13:33
2009101812,CHI@ATL,19.0,1,2009-10-18,14:03
2009101811,BUF@NYJ,20.0,1,2009-10-18,05:23
2009101805,CLE@PIT,26.0,1,2009-10-18,07:28
2009101812,CHI@ATL,33.0,1,2009-10-18,00:50
2009101810,TEN@NE,35.0,1,2009-10-18,13:36
2009101803,BAL@MIN,-2.0,2,2009-10-18,06:42
2009101806,CAR@TB,0.0,2,2009-10-18,00:20
2009101809,ARI@SEA,0.0,2,2009-10-18,00:49
2009101806,CAR@TB,0.0,2,2009-10-18,01:05
2009101810,TEN@NE,0.0,2,2009-10-18,01:22
2009101811,BUF@NYJ,0.0,2,2009-10-18,01:39
2009101803,BAL@MIN,0.0,2,2009-10-18,01:59
2009101807,KC@WAS,0.0,2,2009-10-18,02:22
2009101800,HOU@CIN,0.0,2,2009-10-18,02:24
2009101811,BUF@NYJ,0.0,2,2009-10-18,02:31
2009101800,HOU@CIN,0.0,2,2009-10-18,03:32
2009101808,PHI@OAK,0.0,2,2009-10-18,03:53
2009101800,HOU@CIN,0.0,2,2009-10-18,04:45
2009101811,BUF@NYJ,0.0,2,2009-10-18,04:48
2009101802,STL@JAC,0.0,2,2009-10-18,07:08
2009101805,CLE@PIT,0.0,2,2009-10-18,07:31
2009101811,BUF@NYJ,0.0,2,2009-10-18,08:15
2009101806,CAR@TB,0.0,2,2009-10-18,08:38
2009101803,BAL@MIN,0.0,2,2009-10-18,09:52
2009101807,KC@WAS,0.0,2,2009-10-18,10:33
2009101801,DET@GB,0.0,2,2009-10-18,10:35
2009101802,STL@JAC,0.0,2,2009-10-18,11:07
2009101809,ARI@SEA,0.0,2,2009-10-18,11:15
2009101812,CHI@ATL,0.0,2,2009-10-18,12:18
2009101801,DET@GB,0.0,2,2009-10-18,12:27
2009101811,BUF@NYJ,0.0,2,2009-10-18,12:37
2009101811,BUF@NYJ,0.0,2,2009-10-18,13:34
2009101807,KC@WAS,0.0,2,2009-10-18,14:16
2009101808,PHI@OAK,0.0,2,2009-10-18,14:51
2009101803,BAL@MIN,2.0,2,2009-10-18,15:00
2009101810,TEN@NE,3.0,2,2009-10-18,04:53
2009101803,BAL@MIN,3.0,2,2009-10-18,12:46
2009101807,KC@WAS,10.0,2,2009-10-18,03:48
2009101803,BAL@MIN,11.0,2,2009-10-18,03:34
2009101807,KC@WAS,11.0,2,2009-10-18,11:37
2009101809,ARI@SEA,13.0,2,2009-10-18,08:19
2009101812,CHI@ATL,20.0,2,2009-10-18,05:23
2009101800,HOU@CIN,30.0,2,2009-10-18,06:26
2009101801,DET@GB,45.0,2,2009-10-18,05:31
2009101804,NYG@NO,-2.0,3,2009-10-18,02:47
2009101800,HOU@CIN,0.0,3,2009-10-18,00:07
2009101803,BAL@MIN,0.0,3,2009-10-18,01:00
2009101809,ARI@SEA,0.0,3,2009-10-18,01:11
2009101808,PHI@OAK,0.0,3,2009-10-18,02:34
2009101802,STL@JAC,0.0,3,2009-10-18,02:40
2009101802,STL@JAC,0.0,3,2009-10-18,04:05
2009101800,HOU@CIN,0.0,3,2009-10-18,06:49
2009101808,PHI@OAK,0.0,3,2009-10-18,07:01
2009101807,KC@WAS,0.0,3,2009-10-18,07:12
2009101800,HOU@CIN,0.0,3,2009-10-18,08:07
2009101812,CHI@ATL,0.0,3,2009-10-18,08:24
2009101809,ARI@SEA,0.0,3,2009-10-18,10:04
2009101802,STL@JAC,0.0,3,2009-10-18,10:39
2009101809,ARI@SEA,0.0,3,2009-10-18,10:53
2009101812,CHI@ATL,0.0,3,2009-10-18,11:30
2009101802,STL@JAC,0.0,3,2009-10-18,12:30
2009101801,DET@GB,0.0,3,2009-10-18,13:13
2009101805,CLE@PIT,1.0,3,2009-10-18,06:59
2009101803,BAL@MIN,1.0,3,2009-10-18,13:03
2009101811,BUF@NYJ,1.0,3,2009-10-18,13:22
2009101812,CHI@ATL,2.0,3,2009-10-18,07:26
2009101804,NYG@NO,2.0,3,2009-10-18,13:20
2009101809,ARI@SEA,4.0,3,2009-10-18,13:16
2009101800,HOU@CIN,5.0,3,2009-10-18,01:36
2009101809,ARI@SEA,5.0,3,2009-10-18,06:10
2009101808,PHI@OAK,11.0,3,2009-10-18,03:28
2009101804,NYG@NO,27.0,3,2009-10-18,12:14
2009101806,CAR@TB,34.0,3,2009-10-18,05:48
2009101809,ARI@SEA,36.0,3,2009-10-18,05:24
2009101809,ARI@SEA,0.0,4,2009-10-18,01:11
2009101804,NYG@NO,0.0,4,2009-10-18,01:13
2009101810,TEN@NE,0.0,4,2009-10-18,02:44
2009101800,HOU@CIN,0.0,4,2009-10-18,03:44
2009101808,PHI@OAK,0.0,4,2009-10-18,03:49
2009101810,TEN@NE,0.0,4,2009-10-18,04:12
2009101809,ARI@SEA,0.0,4,2009-10-18,05:44
2009101804,NYG@NO,0.0,4,2009-10-18,06:04
2009101809,ARI@SEA,0.0,4,2009-10-18,07:13
2009101807,KC@WAS,0.0,4,2009-10-18,07:53
2009101811,BUF@NYJ,0.0,4,2009-10-18,09:17
2009101807,KC@WAS,0.0,4,2009-10-18,10:03
2009101812,CHI@ATL,0.0,4,2009-10-18,10:06
2009101805,CLE@PIT,0.0,4,2009-10-18,12:00
2009101806,CAR@TB,0.0,4,2009-10-18,12:27
2009101808,PHI@OAK,0.0,4,2009-10-18,13:34
2009101807,KC@WAS,0.0,4,2009-10-18,13:38
2009101801,DET@GB,0.0,4,2009-10-18,14:30
2009101804,NYG@NO,0.0,4,2009-10-18,15:00
2009101802,STL@JAC,2.0,4,2009-10-18,07:06
2009101807,KC@WAS,5.0,4,2009-10-18,06:06
2009101802,STL@JAC,6.0,4,2009-10-18,14:24
2009101807,KC@WAS,8.0,4,2009-10-18,12:07
2009101808,PHI@OAK,8.0,4,2009-10-18,14:36
2009101803,BAL@MIN,9.0,4,2009-10-18,03:47
2009101808,PHI@OAK,10.0,4,2009-10-18,08:00
2009101809,ARI@SEA,10.0,4,2009-10-18,11:08
2009101800,HOU@CIN,12.0,4,2009-10-18,13:30
2009101804,NYG@NO,24.0,4,2009-10-18,04:27
2009101809,ARI@SEA,24.0,4,2009-10-18,09:37
2009101811,BUF@NYJ,27.0,4,2009-10-18,04:12
2009101811,BUF@NYJ,-2.0,5,2009-10-18,09:36
2009101811,BUF@NYJ,0.0,5,2009-10-18,07:59
2009101900,DEN@SD,0.0,1,2009-10-19,10:59
2009101900,DEN@SD,1.0,1,2009-10-19,14:13
2009101900,DEN@SD,71.0,2,2009-10-19,06:11
2009101900,DEN@SD,77.0,2,2009-10-19,01:20
2009101900,DEN@SD,0.0,3,2009-10-19,12:42
2009101900,DEN@SD,0.0,4,2009-10-19,08:00
2009101900,DEN@SD,5.0,4,2009-10-19,11:49
2009102507,BUF@CAR,-2.0,1,2009-10-25,05:37
2009102505,IND@STL,0.0,1,2009-10-25,00:14
2009102503,SD@KC,0.0,1,2009-10-25,00:27
2009102511,ARI@NYG,0.0,1,2009-10-25,00:36
2009102509,ATL@DAL,0.0,1,2009-10-25,02:13
2009102504,MIN@PIT,0.0,1,2009-10-25,04:34
2009102506,NE@TB,0.0,1,2009-10-25,05:09
2009102500,CHI@CIN,0.0,1,2009-10-25,05:26
2009102507,BUF@CAR,0.0,1,2009-10-25,06:31
2009102502,SF@HOU,0.0,1,2009-10-25,08:08
2009102504,MIN@PIT,0.0,1,2009-10-25,08:17
2009102510,NO@MIA,0.0,1,2009-10-25,08:26
2009102508,NYJ@OAK,0.0,1,2009-10-25,08:50
2009102511,ARI@NYG,0.0,1,2009-10-25,08:55
2009102504,MIN@PIT,0.0,1,2009-10-25,09:52
2009102511,ARI@NYG,0.0,1,2009-10-25,10:30
2009102502,SF@HOU,0.0,1,2009-10-25,11:16
2009102504,MIN@PIT,0.0,1,2009-10-25,11:20
2009102508,NYJ@OAK,0.0,1,2009-10-25,11:35
2009102503,SD@KC,0.0,1,2009-10-25,12:40
2009102502,SF@HOU,0.0,1,2009-10-25,12:54
2009102507,BUF@CAR,0.0,1,2009-10-25,13:30
2009102501,GB@CLE,2.0,1,2009-10-25,12:53
2009102507,BUF@CAR,3.0,1,2009-10-25,12:08
2009102504,MIN@PIT,5.0,1,2009-10-25,13:44
2009102509,ATL@DAL,10.0,1,2009-10-25,05:25
2009102511,ARI@NYG,11.0,1,2009-10-25,05:47
2009102509,ATL@DAL,12.0,1,2009-10-25,04:06
2009102502,SF@HOU,12.0,1,2009-10-25,06:49
2009102510,NO@MIA,14.0,1,2009-10-25,03:57
2009102510,NO@MIA,14.0,1,2009-10-25,12:36
2009102506,NE@TB,15.0,1,2009-10-25,06:52
2009102503,SD@KC,17.0,1,2009-10-25,14:12
2009102506,NE@TB,24.0,1,2009-10-25,01:10
2009102502,SF@HOU,68.0,1,2009-10-25,01:00
2009102502,SF@HOU,83.0,1,2009-10-25,11:16
2009102510,NO@MIA,-2.0,2,2009-10-25,02:31
2009102505,IND@STL,0.0,2,2009-10-25,00:47
2009102504,MIN@PIT,0.0,2,2009-10-25,01:46
2009102506,NE@TB,0.0,2,2009-10-25,03:17
2009102508,NYJ@OAK,0.0,2,2009-10-25,05:27
2009102506,NE@TB,0.0,2,2009-10-25,06:39
2009102503,SD@KC,0.0,2,2009-10-25,07:13
2009102511,ARI@NYG,0.0,2,2009-10-25,07:36
2009102505,IND@STL,0.0,2,2009-10-25,07:51
2009102511,ARI@NYG,0.0,2,2009-10-25,08:38
2009102507,BUF@CAR,0.0,2,2009-10-25,09:23
2009102511,ARI@NYG,0.0,2,2009-10-25,10:12
2009102504,MIN@PIT,0.0,2,2009-10-25,10:42
2009102502,SF@HOU,0.0,2,2009-10-25,11:32
2009102508,NYJ@OAK,0.0,2,2009-10-25,11:33
2009102511,ARI@NYG,0.0,2,2009-10-25,12:04
2009102505,IND@STL,0.0,2,2009-10-25,12:39
2009102508,NYJ@OAK,0.0,2,2009-10-25,13:52
2009102500,CHI@CIN,0.0,2,2009-10-25,14:27
2009102509,ATL@DAL,0.0,2,2009-10-25,15:00
2009102509,ATL@DAL,2.0,2,2009-10-25,04:20
2009102507,BUF@CAR,2.0,2,2009-10-25,13:03
2009102504,MIN@PIT,3.0,2,2009-10-25,03:34
2009102510,NO@MIA,3.0,2,2009-10-25,04:24
2009102506,NE@TB,3.0,2,2009-10-25,12:29
2009102507,BUF@CAR,4.0,2,2009-10-25,05:34
2009102502,SF@HOU,4.0,2,2009-10-25,06:57
2009102507,BUF@CAR,5.0,2,2009-10-25,01:51
2009102501,GB@CLE,5.0,2,2009-10-25,11:09
2009102501,GB@CLE,6.0,2,2009-10-25,09:14
2009102506,NE@TB,8.0,2,2009-10-25,00:24
2009102505,IND@STL,10.0,2,2009-10-25,14:19
2009102505,IND@STL,11.0,2,2009-10-25,05:53
2009102506,NE@TB,11.0,2,2009-10-25,09:53
2009102504,MIN@PIT,11.0,2,2009-10-25,12:27
2009102509,ATL@DAL,-11.0,3,2009-10-25,01:04
2009102509,ATL@DAL,-1.0,3,2009-10-25,12:07
2009102508,NYJ@OAK,-1.0,3,2009-10-25,13:45
2009102506,NE@TB,0.0,3,2009-10-25,00:37
2009102504,MIN@PIT,0.0,3,2009-10-25,01:02
2009102505,IND@STL,0.0,3,2009-10-25,01:47
2009102506,NE@TB,0.0,3,2009-10-25,02:42
2009102503,SD@KC,0.0,3,2009-10-25,02:53
2009102504,MIN@PIT,0.0,3,2009-10-25,03:05
2009102511,ARI@NYG,0.0,3,2009-10-25,06:18
2009102506,NE@TB,0.0,3,2009-10-25,06:48
2009102506,NE@TB,0.0,3,2009-10-25,07:57
2009102502,SF@HOU,0.0,3,2009-10-25,08:03
2009102503,SD@KC,0.0,3,2009-10-25,08:15
2009102511,ARI@NYG,0.0,3,2009-10-25,08:43
2009102507,BUF@CAR,0.0,3,2009-10-25,09:27
2009102505,IND@STL,0.0,3,2009-10-25,11:22
2009102507,BUF@CAR,0.0,3,2009-10-25,12:56
2009102510,NO@MIA,1.0,3,2009-10-25,08:23
2009102511,ARI@NYG,1.0,3,2009-10-25,14:10
2009102508,NYJ@OAK,4.0,3,2009-10-25,03:40
2009102506,NE@TB,6.0,3,2009-10-25,01:47
2009102505,IND@STL,6.0,3,2009-10-25,09:13
2009102510,NO@MIA,6.0,3,2009-10-25,12:40
2009102507,BUF@CAR,7.0,3,2009-10-25,03:13
2009102502,SF@HOU,10.0,3,2009-10-25,05:40
2009102507,BUF@CAR,10.0,3,2009-10-25,11:00
2009102503,SD@KC,18.0,3,2009-10-25,07:23
2009102501,GB@CLE,-2.0,4,2009-10-25,06:01
2009102501,GB@CLE,0.0,4,2009-10-25,00:35
2009102500,CHI@CIN,0.0,4,2009-10-25,00:39
2009102502,SF@HOU,0.0,4,2009-10-25,01:50
2009102503,SD@KC,0.0,4,2009-10-25,01:54
2009102506,NE@TB,0.0,4,2009-10-25,02:00
2009102500,CHI@CIN,0.0,4,2009-10-25,02:14
2009102511,ARI@NYG,0.0,4,2009-10-25,03:00
2009102511,ARI@NYG,0.0,4,2009-10-25,04:58
2009102503,SD@KC,0.0,4,2009-10-25,05:00
2009102507,BUF@CAR,0.0,4,2009-10-25,05:25
2009102500,CHI@CIN,0.0,4,2009-10-25,08:19
2009102501,GB@CLE,0.0,4,2009-10-25,09:04
2009102508,NYJ@OAK,0.0,4,2009-10-25,11:04
2009102511,ARI@NYG,0.0,4,2009-10-25,14:50
2009102507,BUF@CAR,3.0,4,2009-10-25,12:40
2009102510,NO@MIA,4.0,4,2009-10-25,13:05
2009102504,MIN@PIT,5.0,4,2009-10-25,03:31
2009102501,GB@CLE,9.0,4,2009-10-25,07:25
2009102510,NO@MIA,9.0,4,2009-10-25,08:15
2009102506,NE@TB,15.0,4,2009-10-25,06:46
2009102511,ARI@NYG,16.0,4,2009-10-25,13:27
2009102509,ATL@DAL,73.0,4,2009-10-25,08:55
2009102600,PHI@WAS,-1.0,1,2009-10-26,10:55
2009102600,PHI@WAS,0.0,1,2009-10-26,01:53
2009102600,PHI@WAS,0.0,1,2009-10-26,06:00
2009102600,PHI@WAS,29.0,1,2009-10-26,04:14
2009102600,PHI@WAS,0.0,2,2009-10-26,03:03
2009102600,PHI@WAS,0.0,2,2009-10-26,05:55
2009102600,PHI@WAS,-1.0,3,2009-10-26,09:58
2009102600,PHI@WAS,0.0,3,2009-10-26,03:51
2009102600,PHI@WAS,0.0,3,2009-10-26,11:57
2009102600,PHI@WAS,1.0,3,2009-10-26,00:38
2009102600,PHI@WAS,3.0,3,2009-10-26,07:58
2009102600,PHI@WAS,0.0,4,2009-10-26,04:07
2009102600,PHI@WAS,0.0,4,2009-10-26,13:14
2009102600,PHI@WAS,0.0,4,2009-10-26,14:50
2009102600,PHI@WAS,11.0,4,2009-10-26,09:48
2009110102,CLE@CHI,-2.0,1,2009-11-01,07:38
2009110109,JAC@TEN,0.0,1,2009-11-01,00:54
2009110107,MIA@NYJ,0.0,1,2009-11-01,02:53
2009110100,DEN@BAL,0.0,1,2009-11-01,04:50
2009110109,JAC@TEN,0.0,1,2009-11-01,06:51
2009110111,NYG@PHI,0.0,1,2009-11-01,06:51
2009110108,OAK@SD,0.0,1,2009-11-01,06:54
2009110101,HOU@BUF,0.0,1,2009-11-01,08:22
2009110105,MIN@GB,0.0,1,2009-11-01,08:23
2009110107,MIA@NYJ,0.0,1,2009-11-01,08:26
2009110100,DEN@BAL,0.0,1,2009-11-01,09:10
2009110102,CLE@CHI,0.0,1,2009-11-01,09:38
2009110106,SF@IND,0.0,1,2009-11-01,09:40
2009110102,CLE@CHI,0.0,1,2009-11-01,11:08
2009110102,CLE@CHI,0.0,1,2009-11-01,12:01
2009110106,SF@IND,0.0,1,2009-11-01,12:25
2009110100,DEN@BAL,0.0,1,2009-11-01,13:07
2009110103,SEA@DAL,1.0,1,2009-11-01,13:06
2009110105,MIN@GB,2.0,1,2009-11-01,07:20
2009110108,OAK@SD,2.0,1,2009-11-01,09:44
2009110105,MIN@GB,3.0,1,2009-11-01,11:43
2009110106,SF@IND,5.0,1,2009-11-01,08:02
2009110100,DEN@BAL,7.0,1,2009-11-01,10:49
2009110107,MIA@NYJ,8.0,1,2009-11-01,01:48
2009110107,MIA@NYJ,8.0,1,2009-11-01,11:01
2009110107,MIA@NYJ,8.0,1,2009-11-01,11:02
2009110106,SF@IND,8.0,1,2009-11-01,12:15
2009110108,OAK@SD,9.0,1,2009-11-01,04:53
2009110107,MIA@NYJ,9.0,1,2009-11-01,13:02
2009110101,HOU@BUF,11.0,1,2009-11-01,09:56
2009110104,STL@DET,12.0,1,2009-11-01,10:01
2009110107,MIA@NYJ,13.0,1,2009-11-01,06:58
2009110101,HOU@BUF,14.0,1,2009-11-01,03:38
2009110102,CLE@CHI,32.0,1,2009-11-01,13:43
2009110101,HOU@BUF,70.0,1,2009-11-01,06:28
2009110106,SF@IND,-1.0,2,2009-11-01,01:57
2009110107,MIA@NYJ,0.0,2,2009-11-01,01:18
2009110110,CAR@ARI,0.0,2,2009-11-01,02:00
2009110104,STL@DET,0.0,2,2009-11-01,03:12
2009110109,JAC@TEN,0.0,2,2009-11-01,03:48
2009110108,OAK@SD,0.0,2,2009-11-01,04:37
2009110107,MIA@NYJ,0.0,2,2009-11-01,05:35
2009110102,CLE@CHI,0.0,2,2009-11-01,07:07
2009110107,MIA@NYJ,0.0,2,2009-11-01,07:12
2009110104,STL@DET,0.0,2,2009-11-01,08:02
2009110107,MIA@NYJ,0.0,2,2009-11-01,09:19
2009110101,HOU@BUF,0.0,2,2009-11-01,10:44
2009110111,NYG@PHI,0.0,2,2009-11-01,10:54
2009110100,DEN@BAL,0.0,2,2009-11-01,11:01
2009110100,DEN@BAL,0.0,2,2009-11-01,12:49
2009110110,CAR@ARI,0.0,2,2009-11-01,13:23
2009110100,DEN@BAL,0.0,2,2009-11-01,14:19
2009110111,NYG@PHI,2.0,2,2009-11-01,07:53
2009110109,JAC@TEN,2.0,2,2009-11-01,14:01
2009110100,DEN@BAL,3.0,2,2009-11-01,00:37
2009110105,MIN@GB,3.0,2,2009-11-01,09:19
2009110110,CAR@ARI,3.0,2,2009-11-01,11:39
2009110106,SF@IND,4.0,2,2009-11-01,04:32
2009110109,JAC@TEN,6.0,2,2009-11-01,00:26
2009110106,SF@IND,7.0,2,2009-11-01,08:32
2009110106,SF@IND,7.0,2,2009-11-01,12:40
2009110110,CAR@ARI,8.0,2,2009-11-01,09:49
2009110105,MIN@GB,9.0,2,2009-11-01,02:31
2009110107,MIA@NYJ,10.0,2,2009-11-01,04:19
2009110103,SEA@DAL,11.0,2,2009-11-01,04:06
2009110106,SF@IND,12.0,2,2009-11-01,06:37
2009110104,STL@DET,15.0,2,2009-11-01,04:42
2009110105,MIN@GB,20.0,2,2009-11-01,14:33
2009110111,NYG@PHI,30.0,2,2009-11-01,00:11
2009110101,HOU@BUF,-3.0,3,2009-11-01,05:23
2009110110,CAR@ARI,-1.0,3,2009-11-01,13:00
2009110109,JAC@TEN,0.0,3,2009-11-01,01:07
2009110100,DEN@BAL,0.0,3,2009-11-01,03:33
2009110102,CLE@CHI,0.0,3,2009-11-01,04:33
2009110107,MIA@NYJ,0.0,3,2009-11-01,06:00
2009110108,OAK@SD,0.0,3,2009-11-01,06:37
2009110102,CLE@CHI,0.0,3,2009-11-01,08:31
2009110104,STL@DET,0.0,3,2009-11-01,08:56
2009110103,SEA@DAL,0.0,3,2009-11-01,10:34
2009110104,STL@DET,0.0,3,2009-11-01,12:02
2009110102,CLE@CHI,0.0,3,2009-11-01,13:01
2009110102,CLE@CHI,0.0,3,2009-11-01,13:10
2009110101,HOU@BUF,0.0,3,2009-11-01,13:28
2009110106,SF@IND,3.0,3,2009-11-01,04:55
2009110109,JAC@TEN,3.0,3,2009-11-01,08:55
2009110103,SEA@DAL,4.0,3,2009-11-01,09:28
2009110110,CAR@ARI,6.0,3,2009-11-01,05:14
2009110106,SF@IND,7.0,3,2009-11-01,03:14
2009110102,CLE@CHI,7.0,3,2009-11-01,06:53
2009110105,MIN@GB,8.0,3,2009-11-01,06:09
2009110104,STL@DET,8.0,3,2009-11-01,07:29
2009110104,STL@DET,8.0,3,2009-11-01,10:32
2009110108,OAK@SD,9.0,3,2009-11-01,13:46
2009110107,MIA@NYJ,11.0,3,2009-11-01,13:45
2009110110,CAR@ARI,18.0,3,2009-11-01,03:37
2009110110,CAR@ARI,19.0,3,2009-11-01,14:44
2009110103,SEA@DAL,23.0,3,2009-11-01,08:42
2009110103,SEA@DAL,82.0,3,2009-11-01,01:30
2009110104,STL@DET,-2.0,4,2009-11-01,02:38
2009110100,DEN@BAL,-2.0,4,2009-11-01,08:55
2009110111,NYG@PHI,0.0,4,2009-11-01,00:56
2009110109,JAC@TEN,0.0,4,2009-11-01,01:12
2009110109,JAC@TEN,0.0,4,2009-11-01,02:29
2009110104,STL@DET,0.0,4,2009-11-01,04:09
2009110103,SEA@DAL,0.0,4,2009-11-01,04:14
2009110106,SF@IND,0.0,4,2009-11-01,05:57
2009110104,STL@DET,0.0,4,2009-11-01,07:03
2009110105,MIN@GB,0.0,4,2009-11-01,08:22
2009110103,SEA@DAL,0.0,4,2009-11-01,09:39
2009110104,STL@DET,0.0,4,2009-11-01,10:17
2009110109,JAC@TEN,0.0,4,2009-11-01,10:18
2009110100,DEN@BAL,0.0,4,2009-11-01,10:59
2009110106,SF@IND,0.0,4,2009-11-01,11:23
2009110110,CAR@ARI,0.0,4,2009-11-01,14:11
2009110103,SEA@DAL,0.0,4,2009-11-01,15:00
2009110110,CAR@ARI,1.0,4,2009-11-01,07:50
2009110106,SF@IND,3.0,4,2009-11-01,08:47
2009110109,JAC@TEN,4.0,4,2009-11-01,08:14
2009110103,SEA@DAL,5.0,4,2009-11-01,00:15
2009110107,MIA@NYJ,5.0,4,2009-11-01,03:51
2009110111,NYG@PHI,8.0,4,2009-11-01,04:59
2009110100,DEN@BAL,12.0,4,2009-11-01,07:30
2009110100,DEN@BAL,14.0,4,2009-11-01,07:16
2009110111,NYG@PHI,16.0,4,2009-11-01,05:14
2009110102,CLE@CHI,69.0,4,2009-11-01,02:50
2009110200,ATL@NO,0.0,1,2009-11-02,02:32
2009110200,ATL@NO,10.0,2,2009-11-02,02:59
2009110200,ATL@NO,0.0,3,2009-11-02,03:25
2009110200,ATL@NO,0.0,3,2009-11-02,06:28
2009110200,ATL@NO,9.0,3,2009-11-02,14:02
2009110810,TEN@SF,-1.0,1,2009-11-08,12:26
2009110805,MIA@NE,0.0,1,2009-11-08,00:08
2009110811,DAL@PHI,0.0,1,2009-11-08,00:19
2009110803,HOU@IND,0.0,1,2009-11-08,01:47
2009110810,TEN@SF,0.0,1,2009-11-08,02:21
2009110811,DAL@PHI,0.0,1,2009-11-08,02:25
2009110809,SD@NYG,0.0,1,2009-11-08,03:08
2009110804,KC@JAC,0.0,1,2009-11-08,03:44
2009110810,TEN@SF,0.0,1,2009-11-08,03:59
2009110805,MIA@NE,0.0,1,2009-11-08,04:11
2009110811,DAL@PHI,0.0,1,2009-11-08,05:10
2009110809,SD@NYG,0.0,1,2009-11-08,05:19
2009110800,WAS@ATL,0.0,1,2009-11-08,05:36
2009110802,BAL@CIN,0.0,1,2009-11-08,07:16
2009110807,CAR@NO,0.0,1,2009-11-08,07:55
2009110803,HOU@IND,0.0,1,2009-11-08,11:07
2009110807,CAR@NO,0.0,1,2009-11-08,12:23
2009110811,DAL@PHI,0.0,1,2009-11-08,12:29
2009110804,KC@JAC,0.0,1,2009-11-08,12:57
2009110806,GB@TB,6.0,1,2009-11-08,10:01
2009110811,DAL@PHI,7.0,1,2009-11-08,06:31
2009110800,WAS@ATL,10.0,1,2009-11-08,07:31
2009110806,GB@TB,27.0,1,2009-11-08,13:28
2009110810,TEN@SF,-2.0,2,2009-11-08,08:17
2009110809,SD@NYG,0.0,2,2009-11-08,00:20
2009110809,SD@NYG,0.0,2,2009-11-08,00:59
2009110805,MIA@NE,0.0,2,2009-11-08,01:50
2009110802,BAL@CIN,0.0,2,2009-11-08,01:54
2009110806,GB@TB,0.0,2,2009-11-08,02:42
2009110802,BAL@CIN,0.0,2,2009-11-08,03:00
2009110807,CAR@NO,0.0,2,2009-11-08,03:23
2009110810,TEN@SF,0.0,2,2009-11-08,03:45
2009110806,GB@TB,0.0,2,2009-11-08,05:34
2009110802,BAL@CIN,0.0,2,2009-11-08,05:45
2009110804,KC@JAC,0.0,2,2009-11-08,06:37
2009110801,ARI@CHI,0.0,2,2009-11-08,08:00
2009110811,DAL@PHI,0.0,2,2009-11-08,08:09
2009110803,HOU@IND,0.0,2,2009-11-08,08:27
2009110800,WAS@ATL,0.0,2,2009-11-08,09:54
2009110804,KC@JAC,0.0,2,2009-11-08,10:52
2009110800,WAS@ATL,0.0,2,2009-11-08,14:45
2009110804,KC@JAC,2.0,2,2009-11-08,08:17
2009110803,HOU@IND,2.0,2,2009-11-08,11:26
2009110807,CAR@NO,4.0,2,2009-11-08,01:53
2009110805,MIA@NE,5.0,2,2009-11-08,14:20
2009110802,BAL@CIN,8.0,2,2009-11-08,14:54
2009110811,DAL@PHI,9.0,2,2009-11-08,07:58
2009110810,TEN@SF,10.0,2,2009-11-08,06:08
2009110806,GB@TB,15.0,2,2009-11-08,04:00
2009110801,ARI@CHI,15.0,2,2009-11-08,15:00
2009110800,WAS@ATL,17.0,2,2009-11-08,02:29
2009110808,DET@SEA,-3.0,3,2009-11-08,12:26
2009110801,ARI@CHI,-2.0,3,2009-11-08,04:17
2009110800,WAS@ATL,-2.0,3,2009-11-08,05:09
2009110802,BAL@CIN,-1.0,3,2009-11-08,09:39
2009110806,GB@TB,0.0,3,2009-11-08,01:44
2009110811,DAL@PHI,0.0,3,2009-11-08,02:18
2009110806,GB@TB,0.0,3,2009-11-08,03:29
2009110801,ARI@CHI,0.0,3,2009-11-08,05:38
2009110811,DAL@PHI,0.0,3,2009-11-08,06:09
2009110804,KC@JAC,0.0,3,2009-11-08,06:17
2009110803,HOU@IND,0.0,3,2009-11-08,06:46
2009110809,SD@NYG,0.0,3,2009-11-08,07:08
2009110809,SD@NYG,0.0,3,2009-11-08,08:42
2009110804,KC@JAC,0.0,3,2009-11-08,09:11
2009110810,TEN@SF,0.0,3,2009-11-08,10:20
2009110809,SD@NYG,0.0,3,2009-11-08,11:23
2009110806,GB@TB,0.0,3,2009-11-08,11:37
2009110810,TEN@SF,0.0,3,2009-11-08,11:38
2009110804,KC@JAC,0.0,3,2009-11-08,13:02
2009110808,DET@SEA,0.0,3,2009-11-08,13:31
2009110801,ARI@CHI,3.0,3,2009-11-08,13:28
2009110801,ARI@CHI,7.0,3,2009-11-08,01:26
2009110802,BAL@CIN,8.0,3,2009-11-08,04:55
2009110802,BAL@CIN,9.0,3,2009-11-08,07:34
2009110806,GB@TB,10.0,3,2009-11-08,13:12
2009110806,GB@TB,12.0,3,2009-11-08,06:34
2009110808,DET@SEA,18.0,3,2009-11-08,05:47
2009110801,ARI@CHI,0.0,4,2009-11-08,01:38
2009110806,GB@TB,0.0,4,2009-11-08,01:48
2009110803,HOU@IND,0.0,4,2009-11-08,01:51
2009110808,DET@SEA,0.0,4,2009-11-08,02:14
2009110807,CAR@NO,0.0,4,2009-11-08,02:29
2009110800,WAS@ATL,0.0,4,2009-11-08,03:25
2009110809,SD@NYG,0.0,4,2009-11-08,03:43
2009110805,MIA@NE,0.0,4,2009-11-08,03:45
2009110805,MIA@NE,0.0,4,2009-11-08,05:45
2009110809,SD@NYG,0.0,4,2009-11-08,06:23
2009110809,SD@NYG,0.0,4,2009-11-08,06:38
2009110808,DET@SEA,0.0,4,2009-11-08,06:53
2009110804,KC@JAC,0.0,4,2009-11-08,08:48
2009110805,MIA@NE,0.0,4,2009-11-08,09:49
2009110807,CAR@NO,0.0,4,2009-11-08,11:30
2009110804,KC@JAC,0.0,4,2009-11-08,12:59
2009110805,MIA@NE,0.0,4,2009-11-08,14:58
2009110801,ARI@CHI,2.0,4,2009-11-08,07:17
2009110803,HOU@IND,6.0,4,2009-11-08,11:10
2009110806,GB@TB,10.0,4,2009-11-08,07:23
2009110802,BAL@CIN,12.0,4,2009-11-08,03:51
2009110809,SD@NYG,13.0,4,2009-11-08,12:36
2009110806,GB@TB,19.0,4,2009-11-08,02:19
2009110804,KC@JAC,44.0,4,2009-11-08,07:25
2009110900,PIT@DEN,0.0,1,2009-11-09,03:20
2009110900,PIT@DEN,0.0,1,2009-11-09,08:03
2009110900,PIT@DEN,6.0,1,2009-11-09,00:07
2009110900,PIT@DEN,0.0,2,2009-11-09,00:18
2009110900,PIT@DEN,0.0,2,2009-11-09,02:57
2009110900,PIT@DEN,0.0,2,2009-11-09,07:13
2009110900,PIT@DEN,0.0,3,2009-11-09,07:32
2009110900,PIT@DEN,14.0,3,2009-11-09,00:03
2009110900,PIT@DEN,0.0,4,2009-11-09,09:21
2009110900,PIT@DEN,0.0,4,2009-11-09,12:16
2009110900,PIT@DEN,15.0,4,2009-11-09,13:20
2009110900,PIT@DEN,43.0,4,2009-11-09,06:44
2009111200,CHI@SF,0.0,1,2009-11-12,05:54
2009111200,CHI@SF,2.0,1,2009-11-12,03:56
2009111200,CHI@SF,4.0,1,2009-11-12,13:34
2009111200,CHI@SF,0.0,3,2009-11-12,01:37
2009111200,CHI@SF,0.0,3,2009-11-12,13:06
2009111200,CHI@SF,2.0,3,2009-11-12,04:40
2009111200,CHI@SF,0.0,4,2009-11-12,02:53
2009111200,CHI@SF,0.0,4,2009-11-12,09:13
2009111200,CHI@SF,0.0,4,2009-11-12,14:57
2009111508,KC@OAK,-1.0,1,2009-11-15,00:32
2009111507,DEN@WAS,0.0,1,2009-11-15,00:45
2009111500,ATL@CAR,0.0,1,2009-11-15,02:21
2009111510,DAL@GB,0.0,1,2009-11-15,03:26
2009111507,DEN@WAS,0.0,1,2009-11-15,03:49
2009111501,TB@MIA,0.0,1,2009-11-15,03:53
2009111508,KC@OAK,0.0,1,2009-11-15,03:56
2009111511,PHI@SD,0.0,1,2009-11-15,04:39
2009111501,TB@MIA,0.0,1,2009-11-15,05:28
2009111502,DET@MIN,0.0,1,2009-11-15,05:50
2009111509,SEA@ARI,0.0,1,2009-11-15,05:52
2009111508,KC@OAK,0.0,1,2009-11-15,08:14
2009111509,SEA@ARI,0.0,1,2009-11-15,09:32
2009111511,PHI@SD,0.0,1,2009-11-15,10:05
2009111509,SEA@ARI,0.0,1,2009-11-15,11:34
2009111512,NE@IND,0.0,1,2009-11-15,11:55
2009111505,NO@STL,0.0,1,2009-11-15,12:05
2009111509,SEA@ARI,1.0,1,2009-11-15,04:39
2009111511,PHI@SD,3.0,1,2009-11-15,03:02
2009111508,KC@OAK,3.0,1,2009-11-15,07:25
2009111511,PHI@SD,3.0,1,2009-11-15,12:12
2009111511,PHI@SD,8.0,1,2009-11-15,01:57
2009111504,CIN@PIT,8.0,1,2009-11-15,02:33
2009111510,DAL@GB,9.0,1,2009-11-15,13:45
2009111512,NE@IND,10.0,1,2009-11-15,03:20
2009111509,SEA@ARI,11.0,1,2009-11-15,09:59
2009111501,TB@MIA,12.0,1,2009-11-15,02:03
2009111512,NE@IND,13.0,1,2009-11-15,13:34
2009111500,ATL@CAR,13.0,1,2009-11-15,13:47
2009111506,BUF@TEN,16.0,1,2009-11-15,13:39
2009111510,DAL@GB,18.0,1,2009-11-15,00:20
2009111506,BUF@TEN,18.0,1,2009-11-15,02:31
2009111508,KC@OAK,19.0,1,2009-11-15,06:28
2009111508,KC@OAK,-4.0,2,2009-11-15,01:26
2009111502,DET@MIN,-1.0,2,2009-11-15,08:43
2009111512,NE@IND,0.0,2,2009-11-15,00:32
2009111500,ATL@CAR,0.0,2,2009-11-15,00:48
2009111508,KC@OAK,0.0,2,2009-11-15,00:52
2009111506,BUF@TEN,0.0,2,2009-11-15,01:12
2009111512,NE@IND,0.0,2,2009-11-15,01:47
2009111501,TB@MIA,0.0,2,2009-11-15,02:00
2009111500,ATL@CAR,0.0,2,2009-11-15,03:50
2009111508,KC@OAK,0.0,2,2009-11-15,03:58
2009111512,NE@IND,0.0,2,2009-11-15,04:02
2009111511,PHI@SD,0.0,2,2009-11-15,04:33
2009111510,DAL@GB,0.0,2,2009-11-15,07:42
2009111510,DAL@GB,0.0,2,2009-11-15,10:03
2009111507,DEN@WAS,0.0,2,2009-11-15,11:06
2009111509,SEA@ARI,0.0,2,2009-11-15,11:45
2009111504,CIN@PIT,0.0,2,2009-11-15,12:09
2009111502,DET@MIN,0.0,2,2009-11-15,12:10
2009111512,NE@IND,0.0,2,2009-11-15,12:16
2009111507,DEN@WAS,0.0,2,2009-11-15,12:31
2009111506,BUF@TEN,0.0,2,2009-11-15,13:32
2009111510,DAL@GB,0.0,2,2009-11-15,13:43
2009111501,TB@MIA,0.0,2,2009-11-15,14:21
2009111508,KC@OAK,1.0,2,2009-11-15,09:55
2009111508,KC@OAK,2.0,2,2009-11-15,02:00
2009111510,DAL@GB,5.0,2,2009-11-15,02:00
2009111504,CIN@PIT,5.0,2,2009-11-15,03:05
2009111508,KC@OAK,6.0,2,2009-11-15,05:46
2009111503,JAC@NYJ,6.0,2,2009-11-15,08:12
2009111504,CIN@PIT,6.0,2,2009-11-15,09:21
2009111501,TB@MIA,7.0,2,2009-11-15,01:02
2009111510,DAL@GB,8.0,2,2009-11-15,04:13
2009111507,DEN@WAS,8.0,2,2009-11-15,09:42
2009111508,KC@OAK,8.0,2,2009-11-15,14:17
2009111512,NE@IND,9.0,2,2009-11-15,02:50
2009111509,SEA@ARI,9.0,2,2009-11-15,14:01
2009111505,NO@STL,10.0,2,2009-11-15,00:06
2009111502,DET@MIN,10.0,2,2009-11-15,13:43
2009111512,NE@IND,16.0,2,2009-11-15,09:43
2009111510,DAL@GB,18.0,2,2009-11-15,00:52
2009111502,DET@MIN,20.0,2,2009-11-15,02:58
2009111504,CIN@PIT,25.0,2,2009-11-15,08:18
2009111509,SEA@ARI,27.0,2,2009-11-15,10:15
2009111509,SEA@ARI,27.0,2,2009-11-15,14:16
2009111502,DET@MIN,30.0,2,2009-11-15,15:00
2009111506,BUF@TEN,0.0,3,2009-11-15,00:59
2009111504,CIN@PIT,0.0,3,2009-11-15,02:59
2009111507,DEN@WAS,0.0,3,2009-11-15,03:08
2009111506,BUF@TEN,0.0,3,2009-11-15,03:18
2009111509,SEA@ARI,0.0,3,2009-11-15,03:40
2009111502,DET@MIN,0.0,3,2009-11-15,04:54
2009111504,CIN@PIT,0.0,3,2009-11-15,05:07
2009111502,DET@MIN,0.0,3,2009-11-15,06:53
2009111510,DAL@GB,0.0,3,2009-11-15,06:57
2009111510,DAL@GB,0.0,3,2009-11-15,09:05
2009111507,DEN@WAS,0.0,3,2009-11-15,09:10
2009111504,CIN@PIT,0.0,3,2009-11-15,09:34
2009111503,JAC@NYJ,0.0,3,2009-11-15,10:41
2009111501,TB@MIA,0.0,3,2009-11-15,11:00
2009111503,JAC@NYJ,0.0,3,2009-11-15,12:40
2009111507,DEN@WAS,0.0,3,2009-11-15,13:00
2009111505,NO@STL,0.0,3,2009-11-15,13:17
2009111503,JAC@NYJ,0.0,3,2009-11-15,14:12
2009111503,JAC@NYJ,2.0,3,2009-11-15,07:01
2009111508,KC@OAK,5.0,3,2009-11-15,00:48
2009111511,PHI@SD,5.0,3,2009-11-15,10:36
2009111501,TB@MIA,7.0,3,2009-11-15,08:37
2009111502,DET@MIN,9.0,3,2009-11-15,02:08
2009111508,KC@OAK,10.0,3,2009-11-15,02:29
2009111502,DET@MIN,12.0,3,2009-11-15,00:37
2009111501,TB@MIA,12.0,3,2009-11-15,13:22
2009111505,NO@STL,13.0,3,2009-11-15,01:28
2009111509,SEA@ARI,16.0,3,2009-11-15,06:33
2009111512,NE@IND,69.0,3,2009-11-15,00:15
2009111508,KC@OAK,-4.0,4,2009-11-15,04:51
2009111501,TB@MIA,-4.0,4,2009-11-15,11:04
2009111508,KC@OAK,0.0,4,2009-11-15,02:00
2009111505,NO@STL,0.0,4,2009-11-15,02:29
2009111505,NO@STL,0.0,4,2009-11-15,04:36
2009111502,DET@MIN,0.0,4,2009-11-15,04:45
2009111509,SEA@ARI,0.0,4,2009-11-15,05:28
2009111505,NO@STL,0.0,4,2009-11-15,07:26
2009111512,NE@IND,0.0,4,2009-11-15,08:02
2009111509,SEA@ARI,0.0,4,2009-11-15,09:33
2009111500,ATL@CAR,0.0,4,2009-11-15,11:24
2009111502,DET@MIN,0.0,4,2009-11-15,11:51
2009111501,TB@MIA,0.0,4,2009-11-15,12:38
2009111508,KC@OAK,0.0,4,2009-11-15,14:55
2009111509,SEA@ARI,1.0,4,2009-11-15,05:51
2009111503,JAC@NYJ,3.0,4,2009-11-15,12:52
2009111505,NO@STL,5.0,4,2009-11-15,10:23
2009111504,CIN@PIT,6.0,4,2009-11-15,06:23
2009111510,DAL@GB,7.0,4,2009-11-15,03:31
2009111511,PHI@SD,7.0,4,2009-11-15,12:31
2009111506,BUF@TEN,9.0,4,2009-11-15,01:46
2009111506,BUF@TEN,12.0,4,2009-11-15,09:32
2009111509,SEA@ARI,13.0,4,2009-11-15,03:16
2009111500,ATL@CAR,24.0,4,2009-11-15,04:14
2009111600,BAL@CLE,0.0,1,2009-11-16,00:45
2009111600,BAL@CLE,0.0,1,2009-11-16,11:16
2009111600,BAL@CLE,9.0,1,2009-11-16,13:53
2009111600,BAL@CLE,0.0,2,2009-11-16,01:05
2009111600,BAL@CLE,0.0,2,2009-11-16,06:16
2009111600,BAL@CLE,0.0,2,2009-11-16,11:49
2009111600,BAL@CLE,1.0,2,2009-11-16,09:15
2009111600,BAL@CLE,21.0,2,2009-11-16,14:17
2009111600,BAL@CLE,0.0,3,2009-11-16,01:09
2009111600,BAL@CLE,0.0,3,2009-11-16,14:13
2009111600,BAL@CLE,-2.0,4,2009-11-16,08:42
2009111600,BAL@CLE,0.0,4,2009-11-16,10:25
2009111600,BAL@CLE,3.0,4,2009-11-16,04:59
2009111600,BAL@CLE,3.0,4,2009-11-16,13:06
2009111600,BAL@CLE,4.0,4,2009-11-16,03:57
2009111600,BAL@CLE,5.0,4,2009-11-16,14:55
2009111900,MIA@CAR,0.0,1,2009-11-19,03:53
2009111900,MIA@CAR,0.0,1,2009-11-19,06:46
2009111900,MIA@CAR,5.0,1,2009-11-19,01:46
2009111900,MIA@CAR,0.0,2,2009-11-19,12:06
2009111900,MIA@CAR,0.0,2,2009-11-19,13:05
2009111900,MIA@CAR,8.0,2,2009-11-19,09:35
2009111900,MIA@CAR,22.0,2,2009-11-19,03:04
2009111900,MIA@CAR,0.0,3,2009-11-19,04:37
2009111900,MIA@CAR,0.0,3,2009-11-19,13:32
2009111900,MIA@CAR,7.0,3,2009-11-19,06:21
2009111900,MIA@CAR,8.0,3,2009-11-19,02:41
2009112206,SEA@MIN,0.0,1,2009-11-22,00:16
2009112200,IND@BAL,0.0,1,2009-11-22,00:36
2009112209,ARI@STL,0.0,1,2009-11-22,01:07
2009112206,SEA@MIN,0.0,1,2009-11-22,02:32
2009112210,SD@DEN,0.0,1,2009-11-22,03:18
2009112201,WAS@DAL,0.0,1,2009-11-22,05:09
2009112205,PIT@KC,0.0,1,2009-11-22,07:01
2009112213,PHI@CHI,0.0,1,2009-11-22,07:39
2009112202,CLE@DET,0.0,1,2009-11-22,07:43
2009112209,ARI@STL,0.0,1,2009-11-22,08:58
2009112207,ATL@NYG,0.0,1,2009-11-22,09:14
2009112211,NYJ@NE,0.0,1,2009-11-22,10:52
2009112205,PIT@KC,0.0,1,2009-11-22,11:15
2009112208,NO@TB,0.0,1,2009-11-22,12:05
2009112206,SEA@MIN,0.0,1,2009-11-22,12:19
2009112205,PIT@KC,0.0,1,2009-11-22,12:36
2009112201,WAS@DAL,0.0,1,2009-11-22,13:26
2009112211,NYJ@NE,0.0,1,2009-11-22,13:39
2009112206,SEA@MIN,4.0,1,2009-11-22,10:31
2009112203,SF@GB,6.0,1,2009-11-22,01:31
2009112209,ARI@STL,9.0,1,2009-11-22,05:41
2009112201,WAS@DAL,10.0,1,2009-11-22,00:42
2009112211,NYJ@NE,10.0,1,2009-11-22,04:27
2009112201,WAS@DAL,13.0,1,2009-11-22,11:45
2009112206,SEA@MIN,14.0,1,2009-11-22,14:14
2009112212,CIN@OAK,18.0,1,2009-11-22,02:44
2009112211,NYJ@NE,-1.0,2,2009-11-22,14:04
2009112210,SD@DEN,0.0,2,2009-11-22,00:35
2009112206,SEA@MIN,0.0,2,2009-11-22,00:41
2009112211,NYJ@NE,0.0,2,2009-11-22,02:16
2009112208,NO@TB,0.0,2,2009-11-22,02:18
2009112208,NO@TB,0.0,2,2009-11-22,03:17
2009112212,CIN@OAK,0.0,2,2009-11-22,04:10
2009112204,BUF@JAC,0.0,2,2009-11-22,04:55
2009112201,WAS@DAL,0.0,2,2009-11-22,06:15
2009112203,SF@GB,0.0,2,2009-11-22,07:29
2009112201,WAS@DAL,0.0,2,2009-11-22,07:39
2009112206,SEA@MIN,0.0,2,2009-11-22,07:42
2009112202,CLE@DET,0.0,2,2009-11-22,07:54
2009112207,ATL@NYG,0.0,2,2009-11-22,08:46
2009112208,NO@TB,0.0,2,2009-11-22,09:13
2009112210,SD@DEN,0.0,2,2009-11-22,10:00
2009112203,SF@GB,0.0,2,2009-11-22,11:19
2009112203,SF@GB,0.0,2,2009-11-22,12:47
2009112208,NO@TB,0.0,2,2009-11-22,15:00
2009112204,BUF@JAC,2.0,2,2009-11-22,02:07
2009112200,IND@BAL,2.0,2,2009-11-22,13:13
2009112212,CIN@OAK,5.0,2,2009-11-22,00:35
2009112208,NO@TB,5.0,2,2009-11-22,01:49
2009112208,NO@TB,5.0,2,2009-11-22,11:54
2009112202,CLE@DET,6.0,2,2009-11-22,14:20
2009112207,ATL@NYG,7.0,2,2009-11-22,02:02
2009112213,PHI@CHI,9.0,2,2009-11-22,12:13
2009112204,BUF@JAC,11.0,2,2009-11-22,03:09
2009112208,NO@TB,11.0,2,2009-11-22,13:30
2009112205,PIT@KC,17.0,2,2009-11-22,04:30
2009112212,CIN@OAK,20.0,2,2009-11-22,05:53
2009112203,SF@GB,27.0,2,2009-11-22,01:52
2009112205,PIT@KC,28.0,2,2009-11-22,11:42
2009112213,PHI@CHI,53.0,2,2009-11-22,06:11
2009112203,SF@GB,-2.0,3,2009-11-22,04:25
2009112204,BUF@JAC,-2.0,3,2009-11-22,11:50
2009112204,BUF@JAC,0.0,3,2009-11-22,01:06
2009112202,CLE@DET,0.0,3,2009-11-22,01:38
2009112212,CIN@OAK,0.0,3,2009-11-22,01:51
2009112203,SF@GB,0.0,3,2009-11-22,02:24
2009112211,NYJ@NE,0.0,3,2009-11-22,02:49
2009112204,BUF@JAC,0.0,3,2009-11-22,04:21
2009112211,NYJ@NE,0.0,3,2009-11-22,04:40
2009112201,WAS@DAL,0.0,3,2009-11-22,05:06
2009112201,WAS@DAL,0.0,3,2009-11-22,06:12
2009112202,CLE@DET,0.0,3,2009-11-22,07:58
2009112201,WAS@DAL,0.0,3,2009-11-22,08:57
2009112205,PIT@KC,0.0,3,2009-11-22,08:59
2009112209,ARI@STL,0.0,3,2009-11-22,09:19
2009112203,SF@GB,0.0,3,2009-11-22,09:49
2009112206,SEA@MIN,0.0,3,2009-11-22,10:53
2009112201,WAS@DAL,0.0,3,2009-11-22,11:49
2009112213,PHI@CHI,0.0,3,2009-11-22,12:11
2009112206,SEA@MIN,0.0,3,2009-11-22,12:19
2009112202,CLE@DET,0.0,3,2009-11-22,12:44
2009112213,PHI@CHI,0.0,3,2009-11-22,13:12
2009112209,ARI@STL,0.0,3,2009-11-22,13:28
2009112200,IND@BAL,0.0,3,2009-11-22,13:41
2009112213,PHI@CHI,3.0,3,2009-11-22,06:34
2009112213,PHI@CHI,4.0,3,2009-11-22,07:24
2009112208,NO@TB,6.0,3,2009-11-22,02:49
2009112200,IND@BAL,8.0,3,2009-11-22,03:30
2009112209,ARI@STL,10.0,3,2009-11-22,06:39
2009112205,PIT@KC,10.0,3,2009-11-22,07:45
2009112210,SD@DEN,10.0,3,2009-11-22,14:05
2009112209,ARI@STL,12.0,3,2009-11-22,04:59
2009112204,BUF@JAC,14.0,3,2009-11-22,03:26
2009112206,SEA@MIN,-1.0,4,2009-11-22,03:33
2009112201,WAS@DAL,0.0,4,2009-11-22,00:14
2009112205,PIT@KC,0.0,4,2009-11-22,00:30
2009112205,PIT@KC,0.0,4,2009-11-22,01:55
2009112212,CIN@OAK,0.0,4,2009-11-22,02:20
2009112205,PIT@KC,0.0,4,2009-11-22,02:27
2009112207,ATL@NYG,0.0,4,2009-11-22,03:50
2009112213,PHI@CHI,0.0,4,2009-11-22,03:51
2009112210,SD@DEN,0.0,4,2009-11-22,03:59
2009112209,ARI@STL,0.0,4,2009-11-22,05:35
2009112212,CIN@OAK,0.0,4,2009-11-22,07:50
2009112211,NYJ@NE,0.0,4,2009-11-22,10:43
2009112204,BUF@JAC,0.0,4,2009-11-22,12:45
2009112213,PHI@CHI,0.0,4,2009-11-22,12:57
2009112205,PIT@KC,0.0,4,2009-11-22,13:03
2009112203,SF@GB,0.0,4,2009-11-22,13:40
2009112213,PHI@CHI,0.0,4,2009-11-22,14:25
2009112202,CLE@DET,1.0,4,2009-11-22,01:57
2009112202,CLE@DET,3.0,4,2009-11-22,12:44
2009112210,SD@DEN,6.0,4,2009-11-22,13:33
2009112209,ARI@STL,7.0,4,2009-11-22,01:07
2009112213,PHI@CHI,7.0,4,2009-11-22,02:00
2009112203,SF@GB,9.0,4,2009-11-22,08:38
2009112211,NYJ@NE,10.0,4,2009-11-22,15:00
2009112206,SEA@MIN,12.0,4,2009-11-22,02:43
2009112212,CIN@OAK,12.0,4,2009-11-22,06:20
2009112204,BUF@JAC,12.0,4,2009-11-22,06:28
2009112206,SEA@MIN,14.0,4,2009-11-22,05:48
2009112211,NYJ@NE,15.0,4,2009-11-22,00:25
2009112207,ATL@NYG,17.0,4,2009-11-22,00:07
2009112202,CLE@DET,17.0,4,2009-11-22,14:17
2009112205,PIT@KC,0.0,5,2009-11-22,10:07
2009112300,TEN@HOU,0.0,1,2009-11-23,02:27
2009112300,TEN@HOU,0.0,1,2009-11-23,05:05
2009112300,TEN@HOU,0.0,1,2009-11-23,14:03
2009112300,TEN@HOU,11.0,1,2009-11-23,11:34
2009112300,TEN@HOU,0.0,2,2009-11-23,07:02
2009112300,TEN@HOU,0.0,2,2009-11-23,09:19
2009112300,TEN@HOU,-1.0,4,2009-11-23,05:28
2009112300,TEN@HOU,0.0,4,2009-11-23,03:00
2009112300,TEN@HOU,0.0,4,2009-11-23,08:55
2009112601,OAK@DAL,0.0,1,2009-11-26,03:39
2009112602,NYG@DEN,0.0,1,2009-11-26,08:56
2009112601,OAK@DAL,0.0,1,2009-11-26,09:27
2009112601,OAK@DAL,0.0,1,2009-11-26,12:53
2009112602,NYG@DEN,2.0,1,2009-11-26,11:46
2009112601,OAK@DAL,4.0,1,2009-11-26,06:50
2009112601,OAK@DAL,5.0,1,2009-11-26,05:49
2009112602,NYG@DEN,11.0,1,2009-11-26,01:15
2009112602,NYG@DEN,14.0,1,2009-11-26,09:57
2009112602,NYG@DEN,-1.0,2,2009-11-26,01:53
2009112601,OAK@DAL,0.0,2,2009-11-26,04:33
2009112600,GB@DET,1.0,2,2009-11-26,12:01
2009112601,OAK@DAL,6.0,2,2009-11-26,13:22
2009112602,NYG@DEN,15.0,2,2009-11-26,06:23
2009112601,OAK@DAL,21.0,2,2009-11-26,08:35
2009112600,GB@DET,0.0,3,2009-11-26,11:16
2009112601,OAK@DAL,0.0,3,2009-11-26,13:00
2009112601,OAK@DAL,3.0,3,2009-11-26,01:35
2009112602,NYG@DEN,6.0,3,2009-11-26,05:27
2009112600,GB@DET,0.0,4,2009-11-26,00:21
2009112602,NYG@DEN,0.0,4,2009-11-26,01:50
2009112600,GB@DET,0.0,4,2009-11-26,04:04
2009112601,OAK@DAL,0.0,4,2009-11-26,04:52
2009112601,OAK@DAL,0.0,4,2009-11-26,08:26
2009112601,OAK@DAL,0.0,4,2009-11-26,15:00
2009112601,OAK@DAL,2.0,4,2009-11-26,09:56
2009112601,OAK@DAL,5.0,4,2009-11-26,11:43
2009112600,GB@DET,7.0,4,2009-11-26,14:52
2009112600,GB@DET,14.0,4,2009-11-26,12:35
2009112905,CAR@NYJ,0.0,1,2009-11-29,01:22
2009112910,JAC@SF,0.0,1,2009-11-29,02:36
2009112911,PIT@BAL,0.0,1,2009-11-29,02:55
2009112900,TB@ATL,0.0,1,2009-11-29,03:17
2009112909,KC@SD,0.0,1,2009-11-29,03:36
2009112904,CHI@MIN,0.0,1,2009-11-29,06:59
2009112910,JAC@SF,0.0,1,2009-11-29,07:21
2009112908,ARI@TEN,0.0,1,2009-11-29,07:31
2009112904,CHI@MIN,0.0,1,2009-11-29,08:47
2009112904,CHI@MIN,0.0,1,2009-11-29,09:39
2009112900,TB@ATL,0.0,1,2009-11-29,10:35
2009112909,KC@SD,0.0,1,2009-11-29,11:59
2009112902,CLE@CIN,0.0,1,2009-11-29,12:03
2009112901,MIA@BUF,0.0,1,2009-11-29,13:33
2009112909,KC@SD,0.0,1,2009-11-29,14:09
2009112910,JAC@SF,2.0,1,2009-11-29,05:38
2009112907,SEA@STL,2.0,1,2009-11-29,06:48
2009112909,KC@SD,2.0,1,2009-11-29,10:42
2009112900,TB@ATL,4.0,1,2009-11-29,00:23
2009112903,IND@HOU,4.0,1,2009-11-29,06:10
2009112911,PIT@BAL,7.0,1,2009-11-29,04:23
2009112907,SEA@STL,8.0,1,2009-11-29,13:51
2009112902,CLE@CIN,9.0,1,2009-11-29,01:01
2009112908,ARI@TEN,10.0,1,2009-11-29,13:36
2009112905,CAR@NYJ,14.0,1,2009-11-29,06:47
2009112911,PIT@BAL,17.0,1,2009-11-29,13:26
2009112906,WAS@PHI,29.0,1,2009-11-29,06:22
2009112910,JAC@SF,42.0,1,2009-11-29,00:24
2009112908,ARI@TEN,-1.0,2,2009-11-29,08:04
2009112901,MIA@BUF,0.0,2,2009-11-29,00:18
2009112909,KC@SD,0.0,2,2009-11-29,00:31
2009112901,MIA@BUF,0.0,2,2009-11-29,01:47
2009112900,TB@ATL,0.0,2,2009-11-29,03:59
2009112905,CAR@NYJ,0.0,2,2009-11-29,04:42
2009112911,PIT@BAL,0.0,2,2009-11-29,04:49
2009112906,WAS@PHI,0.0,2,2009-11-29,05:00
2009112910,JAC@SF,0.0,2,2009-11-29,07:17
2009112901,MIA@BUF,0.0,2,2009-11-29,07:35
2009112907,SEA@STL,0.0,2,2009-11-29,07:54
2009112902,CLE@CIN,0.0,2,2009-11-29,07:56
2009112902,CLE@CIN,0.0,2,2009-11-29,08:54
2009112906,WAS@PHI,0.0,2,2009-11-29,09:12
2009112900,TB@ATL,0.0,2,2009-11-29,09:25
2009112906,WAS@PHI,0.0,2,2009-11-29,09:59
2009112908,ARI@TEN,0.0,2,2009-11-29,11:20
2009112907,SEA@STL,0.0,2,2009-11-29,12:14
2009112902,CLE@CIN,0.0,2,2009-11-29,13:56
2009112909,KC@SD,0.0,2,2009-11-29,14:13
2009112904,CHI@MIN,4.0,2,2009-11-29,01:56
2009112907,SEA@STL,6.0,2,2009-11-29,05:51
2009112910,JAC@SF,6.0,2,2009-11-29,08:07
2009112911,PIT@BAL,7.0,2,2009-11-29,11:41
2009112902,CLE@CIN,8.0,2,2009-11-29,00:30
2009112902,CLE@CIN,11.0,2,2009-11-29,11:17
2009112901,MIA@BUF,12.0,2,2009-11-29,11:22
2009112910,JAC@SF,13.0,2,2009-11-29,04:11
2009112905,CAR@NYJ,37.0,2,2009-11-29,15:00
2009112905,CAR@NYJ,0.0,3,2009-11-29,00:55
2009112906,WAS@PHI,0.0,3,2009-11-29,01:38
2009112908,ARI@TEN,0.0,3,2009-11-29,01:51
2009112906,WAS@PHI,0.0,3,2009-11-29,02:34
2009112905,CAR@NYJ,0.0,3,2009-11-29,03:59
2009112908,ARI@TEN,0.0,3,2009-11-29,04:06
2009112911,PIT@BAL,0.0,3,2009-11-29,04:15
2009112903,IND@HOU,0.0,3,2009-11-29,05:00
2009112900,TB@ATL,0.0,3,2009-11-29,05:10
2009112904,CHI@MIN,0.0,3,2009-11-29,06:20
2009112906,WAS@PHI,0.0,3,2009-11-29,06:59
2009112905,CAR@NYJ,0.0,3,2009-11-29,07:47
2009112908,ARI@TEN,0.0,3,2009-11-29,09:49
2009112902,CLE@CIN,0.0,3,2009-11-29,10:38
2009112907,SEA@STL,0.0,3,2009-11-29,10:58
2009112911,PIT@BAL,0.0,3,2009-11-29,12:42
2009112900,TB@ATL,0.0,3,2009-11-29,12:56
2009112906,WAS@PHI,1.0,3,2009-11-29,13:40
2009112903,IND@HOU,4.0,3,2009-11-29,07:03
2009112911,PIT@BAL,7.0,3,2009-11-29,06:12
2009112907,SEA@STL,10.0,3,2009-11-29,01:29
2009112907,SEA@STL,12.0,3,2009-11-29,12:31
2009112911,PIT@BAL,14.0,3,2009-11-29,11:02
2009112906,WAS@PHI,-2.0,4,2009-11-29,14:31
2009112905,CAR@NYJ,0.0,4,2009-11-29,00:50
2009112908,ARI@TEN,0.0,4,2009-11-29,02:49
2009112907,SEA@STL,0.0,4,2009-11-29,02:59
2009112902,CLE@CIN,0.0,4,2009-11-29,03:13
2009112909,KC@SD,0.0,4,2009-11-29,03:40
2009112904,CHI@MIN,0.0,4,2009-11-29,05:31
2009112906,WAS@PHI,0.0,4,2009-11-29,05:43
2009112908,ARI@TEN,0.0,4,2009-11-29,06:07
2009112902,CLE@CIN,0.0,4,2009-11-29,06:49
2009112901,MIA@BUF,0.0,4,2009-11-29,07:11
2009112908,ARI@TEN,0.0,4,2009-11-29,09:43
2009112902,CLE@CIN,0.0,4,2009-11-29,10:19
2009112900,TB@ATL,0.0,4,2009-11-29,10:59
2009112904,CHI@MIN,0.0,4,2009-11-29,11:51
2009112902,CLE@CIN,0.0,4,2009-11-29,13:13
2009112910,JAC@SF,0.0,4,2009-11-29,13:15
2009112900,TB@ATL,0.0,4,2009-11-29,15:00
2009112911,PIT@BAL,1.0,4,2009-11-29,14:50
2009112903,IND@HOU,7.0,4,2009-11-29,11:29
2009112902,CLE@CIN,9.0,4,2009-11-29,08:48
2009112902,CLE@CIN,12.0,4,2009-11-29,04:01
2009112901,MIA@BUF,12.0,4,2009-11-29,06:10
2009112905,CAR@NYJ,13.0,4,2009-11-29,09:00
2009112905,CAR@NYJ,18.0,4,2009-11-29,07:59
2009112900,TB@ATL,18.0,4,2009-11-29,08:37
2009112910,JAC@SF,19.0,4,2009-11-29,04:21
2009112900,TB@ATL,21.0,4,2009-11-29,14:01
2009112907,SEA@STL,29.0,4,2009-11-29,12:36
2009112911,PIT@BAL,34.0,4,2009-11-29,12:35
2009112911,PIT@BAL,43.0,4,2009-11-29,01:29
2009112911,PIT@BAL,0.0,5,2009-11-29,11:46
2009112911,PIT@BAL,0.0,5,2009-11-29,12:07
2009113000,NE@NO,41.0,1,2009-11-30,01:28
2009113000,NE@NO,11.0,2,2009-11-30,10:13
2009113000,NE@NO,-5.0,4,2009-11-30,13:21
2009113000,NE@NO,0.0,4,2009-11-30,02:00
2009113000,NE@NO,0.0,4,2009-11-30,04:05
2009113000,NE@NO,0.0,4,2009-11-30,14:56
2009120300,NYJ@BUF,0.0,1,2009-12-03,09:09
2009120300,NYJ@BUF,7.0,1,2009-12-03,02:12
2009120300,NYJ@BUF,11.0,1,2009-12-03,00:51
2009120300,NYJ@BUF,12.0,1,2009-12-03,07:36
2009120300,NYJ@BUF,0.0,2,2009-12-03,03:49
2009120300,NYJ@BUF,0.0,3,2009-12-03,05:55
2009120300,NYJ@BUF,0.0,3,2009-12-03,10:48
2009120300,NYJ@BUF,0.0,3,2009-12-03,13:33
2009120300,NYJ@BUF,12.0,3,2009-12-03,05:00
2009120300,NYJ@BUF,0.0,4,2009-12-03,02:39
2009120300,NYJ@BUF,0.0,4,2009-12-03,09:15
2009120300,NYJ@BUF,0.0,4,2009-12-03,11:48
2009120300,NYJ@BUF,1.0,4,2009-12-03,13:19
2009120300,NYJ@BUF,17.0,4,2009-12-03,11:20
2009120605,HOU@JAC,0.0,1,2009-12-06,00:35
2009120602,STL@CHI,0.0,1,2009-12-06,00:35
2009120604,TEN@IND,0.0,1,2009-12-06,00:47
2009120612,SF@SEA,0.0,1,2009-12-06,00:53
2009120611,DAL@NYG,0.0,1,2009-12-06,01:05
2009120610,MIN@ARI,0.0,1,2009-12-06,02:45
2009120601,TB@CAR,0.0,1,2009-12-06,02:47
2009120600,PHI@ATL,0.0,1,2009-12-06,03:20
2009120607,OAK@PIT,0.0,1,2009-12-06,04:54
2009120611,DAL@NYG,0.0,1,2009-12-06,05:33
2009120604,TEN@IND,0.0,1,2009-12-06,05:48
2009120610,MIN@ARI,0.0,1,2009-12-06,06:13
2009120608,NO@WAS,0.0,1,2009-12-06,06:26
2009120613,NE@MIA,0.0,1,2009-12-06,06:52
2009120602,STL@CHI,0.0,1,2009-12-06,07:00
2009120607,OAK@PIT,0.0,1,2009-12-06,07:04
2009120611,DAL@NYG,0.0,1,2009-12-06,09:10
2009120603,DET@CIN,0.0,1,2009-12-06,11:25
2009120602,STL@CHI,0.0,1,2009-12-06,12:04
2009120608,NO@WAS,0.0,1,2009-12-06,13:02
2009120612,SF@SEA,0.0,1,2009-12-06,13:19
2009120603,DET@CIN,3.0,1,2009-12-06,01:34
2009120612,SF@SEA,3.0,1,2009-12-06,14:11
2009120605,HOU@JAC,5.0,1,2009-12-06,02:45
2009120612,SF@SEA,8.0,1,2009-12-06,08:38
2009120611,DAL@NYG,10.0,1,2009-12-06,02:31
2009120605,HOU@JAC,12.0,1,2009-12-06,04:42
2009120603,DET@CIN,14.0,1,2009-12-06,08:37
2009120601,TB@CAR,16.0,1,2009-12-06,01:13
2009120606,DEN@KC,21.0,1,2009-12-06,11:00
2009120603,DET@CIN,25.0,1,2009-12-06,13:01
2009120600,PHI@ATL,27.0,1,2009-12-06,14:09
2009120610,MIN@ARI,64.0,1,2009-12-06,05:11
2009120608,NO@WAS,-2.0,2,2009-12-06,10:15
2009120607,OAK@PIT,0.0,2,2009-12-06,00:14
2009120610,MIN@ARI,0.0,2,2009-12-06,00:24
2009120612,SF@SEA,0.0,2,2009-12-06,01:11
2009120603,DET@CIN,0.0,2,2009-12-06,01:19
2009120608,NO@WAS,0.0,2,2009-12-06,01:43
2009120603,DET@CIN,0.0,2,2009-12-06,02:18
2009120609,SD@CLE,0.0,2,2009-12-06,02:42
2009120607,OAK@PIT,0.0,2,2009-12-06,03:09
2009120607,OAK@PIT,0.0,2,2009-12-06,05:14
2009120612,SF@SEA,0.0,2,2009-12-06,05:38
2009120600,PHI@ATL,0.0,2,2009-12-06,06:46
2009120613,NE@MIA,0.0,2,2009-12-06,08:46
2009120604,TEN@IND,0.0,2,2009-12-06,09:54
2009120605,HOU@JAC,0.0,2,2009-12-06,09:57
2009120610,MIN@ARI,0.0,2,2009-12-06,10:13
2009120603,DET@CIN,0.0,2,2009-12-06,10:28
2009120602,STL@CHI,0.0,2,2009-12-06,10:44
2009120606,DEN@KC,0.0,2,2009-12-06,11:43
2009120602,STL@CHI,0.0,2,2009-12-06,11:47
2009120600,PHI@ATL,0.0,2,2009-12-06,13:02
2009120601,TB@CAR,1.0,2,2009-12-06,01:17
2009120612,SF@SEA,2.0,2,2009-12-06,00:46
2009120600,PHI@ATL,2.0,2,2009-12-06,09:38
2009120606,DEN@KC,5.0,2,2009-12-06,03:58
2009120606,DEN@KC,6.0,2,2009-12-06,05:36
2009120600,PHI@ATL,6.0,2,2009-12-06,11:01
2009120610,MIN@ARI,7.0,2,2009-12-06,08:45
2009120612,SF@SEA,9.0,2,2009-12-06,04:12
2009120606,DEN@KC,13.0,2,2009-12-06,12:42
2009120606,DEN@KC,14.0,2,2009-12-06,02:48
2009120600,PHI@ATL,14.0,2,2009-12-06,05:32
2009120602,STL@CHI,15.0,2,2009-12-06,13:30
2009120601,TB@CAR,30.0,2,2009-12-06,08:05
2009120606,DEN@KC,-4.0,3,2009-12-06,01:04
2009120602,STL@CHI,-3.0,3,2009-12-06,14:08
2009120612,SF@SEA,-1.0,3,2009-12-06,03:35
2009120609,SD@CLE,-1.0,3,2009-12-06,09:30
2009120613,NE@MIA,0.0,3,2009-12-06,00:08
2009120613,NE@MIA,0.0,3,2009-12-06,00:21
2009120602,STL@CHI,0.0,3,2009-12-06,00:23
2009120611,DAL@NYG,0.0,3,2009-12-06,01:28
2009120605,HOU@JAC,0.0,3,2009-12-06,02:28
2009120603,DET@CIN,0.0,3,2009-12-06,03:18
2009120606,DEN@KC,0.0,3,2009-12-06,03:38
2009120609,SD@CLE,0.0,3,2009-12-06,04:23
2009120601,TB@CAR,0.0,3,2009-12-06,04:34
2009120607,OAK@PIT,0.0,3,2009-12-06,05:35
2009120607,OAK@PIT,0.0,3,2009-12-06,07:12
2009120612,SF@SEA,0.0,3,2009-12-06,07:59
2009120611,DAL@NYG,0.0,3,2009-12-06,08:09
2009120607,OAK@PIT,0.0,3,2009-12-06,11:16
2009120604,TEN@IND,0.0,3,2009-12-06,12:51
2009120605,HOU@JAC,0.0,3,2009-12-06,13:06
2009120612,SF@SEA,2.0,3,2009-12-06,09:40
2009120611,DAL@NYG,6.0,3,2009-12-06,09:54
2009120612,SF@SEA,7.0,3,2009-12-06,05:02
2009120606,DEN@KC,7.0,3,2009-12-06,05:12
2009120612,SF@SEA,8.0,3,2009-12-06,01:57
2009120601,TB@CAR,8.0,3,2009-12-06,02:25
2009120613,NE@MIA,10.0,3,2009-12-06,08:58
2009120602,STL@CHI,10.0,3,2009-12-06,12:08
2009120613,NE@MIA,12.0,3,2009-12-06,12:56
2009120612,SF@SEA,12.0,3,2009-12-06,13:24
2009120603,DET@CIN,15.0,3,2009-12-06,06:23
2009120612,SF@SEA,31.0,3,2009-12-06,11:53
2009120601,TB@CAR,-3.0,4,2009-12-06,03:12
2009120605,HOU@JAC,-1.0,4,2009-12-06,07:37
2009120612,SF@SEA,0.0,4,2009-12-06,00:57
2009120611,DAL@NYG,0.0,4,2009-12-06,02:33
2009120602,STL@CHI,0.0,4,2009-12-06,03:42
2009120602,STL@CHI,0.0,4,2009-12-06,05:58
2009120600,PHI@ATL,0.0,4,2009-12-06,06:18
2009120602,STL@CHI,0.0,4,2009-12-06,08:43
2009120610,MIN@ARI,0.0,4,2009-12-06,10:02
2009120612,SF@SEA,0.0,4,2009-12-06,13:16
2009120610,MIN@ARI,0.0,4,2009-12-06,13:57
2009120611,DAL@NYG,0.0,4,2009-12-06,14:54
2009120610,MIN@ARI,2.0,4,2009-12-06,12:21
2009120613,NE@MIA,4.0,4,2009-12-06,13:14
2009120613,NE@MIA,5.0,4,2009-12-06,09:23
2009120600,PHI@ATL,5.0,4,2009-12-06,11:38
2009120613,NE@MIA,7.0,4,2009-12-06,03:55
2009120605,HOU@JAC,9.0,4,2009-12-06,12:40
2009120604,TEN@IND,9.0,4,2009-12-06,15:00
2009120613,NE@MIA,12.0,4,2009-12-06,07:46
2009120613,NE@MIA,12.0,4,2009-12-06,13:04
2009120602,STL@CHI,13.0,4,2009-12-06,02:00
2009120603,DET@CIN,18.0,4,2009-12-06,03:10
2009120612,SF@SEA,21.0,4,2009-12-06,00:34
2009120602,STL@CHI,30.0,4,2009-12-06,14:15
2009120606,DEN@KC,39.0,4,2009-12-06,11:43
2009120611,DAL@NYG,79.0,4,2009-12-06,05:58
2009120700,BAL@GB,0.0,1,2009-12-07,00:14
2009120700,BAL@GB,0.0,2,2009-12-07,02:56
2009120700,BAL@GB,0.0,2,2009-12-07,09:57
2009120700,BAL@GB,0.0,2,2009-12-07,11:55
2009120700,BAL@GB,0.0,2,2009-12-07,14:12
2009120700,BAL@GB,8.0,3,2009-12-07,12:21
2009120700,BAL@GB,6.0,4,2009-12-07,07:12
2009120700,BAL@GB,8.0,4,2009-12-07,13:00
2009121000,PIT@CLE,0.0,1,2009-12-10,07:17
2009121000,PIT@CLE,0.0,1,2009-12-10,10:37
2009121000,PIT@CLE,0.0,1,2009-12-10,12:29
2009121000,PIT@CLE,55.0,1,2009-12-10,05:21
2009121000,PIT@CLE,0.0,2,2009-12-10,04:27
2009121000,PIT@CLE,0.0,2,2009-12-10,10:25
2009121000,PIT@CLE,0.0,2,2009-12-10,12:04
2009121000,PIT@CLE,0.0,2,2009-12-10,14:36
2009121000,PIT@CLE,0.0,3,2009-12-10,04:02
2009121000,PIT@CLE,0.0,3,2009-12-10,07:08
2009121000,PIT@CLE,0.0,3,2009-12-10,10:32
2009121000,PIT@CLE,6.0,3,2009-12-10,05:40
2009121000,PIT@CLE,0.0,4,2009-12-10,06:24
2009121000,PIT@CLE,0.0,4,2009-12-10,11:39
2009121000,PIT@CLE,3.0,4,2009-12-10,00:08
2009121000,PIT@CLE,3.0,4,2009-12-10,14:17
2009121304,DEN@IND,0.0,1,2009-12-13,01:06
2009121310,STL@TEN,0.0,1,2009-12-13,01:09
2009121303,SEA@HOU,0.0,1,2009-12-13,01:17
2009121313,PHI@NYG,0.0,1,2009-12-13,01:28
2009121309,NYJ@TB,0.0,1,2009-12-13,01:43
2009121312,SD@DAL,0.0,1,2009-12-13,02:23
2009121307,CIN@MIN,0.0,1,2009-12-13,03:57
2009121301,DET@BAL,0.0,1,2009-12-13,05:25
2009121311,WAS@OAK,0.0,1,2009-12-13,05:40
2009121311,WAS@OAK,0.0,1,2009-12-13,06:33
2009121306,BUF@KC,0.0,1,2009-12-13,07:16
2009121308,CAR@NE,0.0,1,2009-12-13,07:35
2009121307,CIN@MIN,0.0,1,2009-12-13,08:31
2009121310,STL@TEN,0.0,1,2009-12-13,09:46
2009121307,CIN@MIN,0.0,1,2009-12-13,10:58
2009121308,CAR@NE,0.0,1,2009-12-13,11:02
2009121305,MIA@JAC,0.0,1,2009-12-13,11:37
2009121306,BUF@KC,0.0,1,2009-12-13,11:54
2009121311,WAS@OAK,0.0,1,2009-12-13,11:56
2009121301,DET@BAL,0.0,1,2009-12-13,13:10
2009121306,BUF@KC,0.0,1,2009-12-13,13:23
2009121307,CIN@MIN,1.0,1,2009-12-13,11:45
2009121305,MIA@JAC,2.0,1,2009-12-13,09:30
2009121302,GB@CHI,2.0,1,2009-12-13,09:48
2009121305,MIA@JAC,3.0,1,2009-12-13,01:07
2009121303,SEA@HOU,4.0,1,2009-12-13,08:01
2009121308,CAR@NE,8.0,1,2009-12-13,05:02
2009121310,STL@TEN,8.0,1,2009-12-13,05:31
2009121309,NYJ@TB,8.0,1,2009-12-13,11:24
2009121310,STL@TEN,8.0,1,2009-12-13,11:47
2009121311,WAS@OAK,9.0,1,2009-12-13,09:54
2009121302,GB@CHI,11.0,1,2009-12-13,13:36
2009121301,DET@BAL,12.0,1,2009-12-13,04:04
2009121304,DEN@IND,12.0,1,2009-12-13,07:40
2009121308,CAR@NE,13.0,1,2009-12-13,14:06
2009121309,NYJ@TB,21.0,1,2009-12-13,03:19
2009121303,SEA@HOU,22.0,1,2009-12-13,13:41
2009121312,SD@DAL,0.0,2,2009-12-13,00:13
2009121304,DEN@IND,0.0,2,2009-12-13,01:51
2009121311,WAS@OAK,0.0,2,2009-12-13,01:56
2009121309,NYJ@TB,0.0,2,2009-12-13,05:21
2009121306,BUF@KC,0.0,2,2009-12-13,05:38
2009121311,WAS@OAK,0.0,2,2009-12-13,05:38
2009121308,CAR@NE,0.0,2,2009-12-13,07:41
2009121302,GB@CHI,0.0,2,2009-12-13,08:18
2009121303,SEA@HOU,0.0,2,2009-12-13,10:13
2009121310,STL@TEN,0.0,2,2009-12-13,10:19
2009121309,NYJ@TB,0.0,2,2009-12-13,10:51
2009121308,CAR@NE,0.0,2,2009-12-13,11:14
2009121309,NYJ@TB,0.0,2,2009-12-13,12:13
2009121310,STL@TEN,0.0,2,2009-12-13,12:27
2009121301,DET@BAL,0.0,2,2009-12-13,13:23
2009121308,CAR@NE,5.0,2,2009-12-13,08:32
2009121302,GB@CHI,5.0,2,2009-12-13,12:07
2009121304,DEN@IND,7.0,2,2009-12-13,13:13
2009121311,WAS@OAK,9.0,2,2009-12-13,04:27
2009121310,STL@TEN,9.0,2,2009-12-13,08:26
2009121309,NYJ@TB,9.0,2,2009-12-13,15:00
2009121305,MIA@JAC,10.0,2,2009-12-13,00:34
2009121308,CAR@NE,17.0,2,2009-12-13,12:45
2009121307,CIN@MIN,18.0,2,2009-12-13,11:43
2009121309,NYJ@TB,19.0,2,2009-12-13,01:23
2009121300,NO@ATL,23.0,2,2009-12-13,07:37
2009121313,PHI@NYG,72.0,2,2009-12-13,04:27
2009121303,SEA@HOU,-5.0,3,2009-12-13,11:41
2009121302,GB@CHI,-3.0,3,2009-12-13,00:27
2009121306,BUF@KC,0.0,3,2009-12-13,00:08
2009121305,MIA@JAC,0.0,3,2009-12-13,01:54
2009121311,WAS@OAK,0.0,3,2009-12-13,02:30
2009121309,NYJ@TB,0.0,3,2009-12-13,03:13
2009121301,DET@BAL,0.0,3,2009-12-13,03:16
2009121300,NO@ATL,0.0,3,2009-12-13,03:26
2009121304,DEN@IND,0.0,3,2009-12-13,03:42
2009121307,CIN@MIN,0.0,3,2009-12-13,03:51
2009121302,GB@CHI,0.0,3,2009-12-13,06:12
2009121312,SD@DAL,0.0,3,2009-12-13,07:22
2009121308,CAR@NE,0.0,3,2009-12-13,08:35
2009121304,DEN@IND,0.0,3,2009-12-13,09:19
2009121306,BUF@KC,0.0,3,2009-12-13,09:19
2009121312,SD@DAL,0.0,3,2009-12-13,10:43
2009121310,STL@TEN,0.0,3,2009-12-13,10:50
2009121309,NYJ@TB,0.0,3,2009-12-13,12:21
2009121303,SEA@HOU,0.0,3,2009-12-13,12:38
2009121306,BUF@KC,0.0,3,2009-12-13,12:48
2009121304,DEN@IND,0.0,3,2009-12-13,13:48
2009121304,DEN@IND,5.0,3,2009-12-13,12:55
2009121310,STL@TEN,6.0,3,2009-12-13,12:52
2009121313,PHI@NYG,7.0,3,2009-12-13,01:27
2009121305,MIA@JAC,7.0,3,2009-12-13,02:46
2009121309,NYJ@TB,9.0,3,2009-12-13,13:24
2009121303,SEA@HOU,10.0,3,2009-12-13,04:02
2009121311,WAS@OAK,10.0,3,2009-12-13,13:51
2009121305,MIA@JAC,11.0,3,2009-12-13,13:50
2009121313,PHI@NYG,12.0,3,2009-12-13,06:44
2009121312,SD@DAL,14.0,3,2009-12-13,09:41
2009121301,DET@BAL,19.0,3,2009-12-13,07:35
2009121311,WAS@OAK,19.0,3,2009-12-13,07:36
2009121313,PHI@NYG,20.0,3,2009-12-13,02:56
2009121303,SEA@HOU,20.0,3,2009-12-13,10:04
2009121304,DEN@IND,-2.0,4,2009-12-13,14:37
2009121305,MIA@JAC,0.0,4,2009-12-13,00:24
2009121313,PHI@NYG,0.0,4,2009-12-13,00:36
2009121303,SEA@HOU,0.0,4,2009-12-13,01:06
2009121306,BUF@KC,0.0,4,2009-12-13,01:07
2009121310,STL@TEN,0.0,4,2009-12-13,02:23
2009121305,MIA@JAC,0.0,4,2009-12-13,03:39
2009121302,GB@CHI,0.0,4,2009-12-13,04:13
2009121308,CAR@NE,0.0,4,2009-12-13,04:30
2009121303,SEA@HOU,0.0,4,2009-12-13,04:53
2009121309,NYJ@TB,0.0,4,2009-12-13,04:54
2009121305,MIA@JAC,0.0,4,2009-12-13,06:30
2009121311,WAS@OAK,0.0,4,2009-12-13,07:54
2009121301,DET@BAL,0.0,4,2009-12-13,09:47
2009121302,GB@CHI,0.0,4,2009-12-13,09:48
2009121306,BUF@KC,0.0,4,2009-12-13,13:23
2009121313,PHI@NYG,0.0,4,2009-12-13,13:24
2009121305,MIA@JAC,0.0,4,2009-12-13,13:43
2009121302,GB@CHI,2.0,4,2009-12-13,02:19
2009121308,CAR@NE,4.0,4,2009-12-13,06:03
2009121312,SD@DAL,4.0,4,2009-12-13,09:23
2009121303,SEA@HOU,5.0,4,2009-12-13,08:18
2009121307,CIN@MIN,6.0,4,2009-12-13,11:41
2009121307,CIN@MIN,7.0,4,2009-12-13,02:40
2009121309,NYJ@TB,12.0,4,2009-12-13,02:34
2009121305,MIA@JAC,12.0,4,2009-12-13,11:44
2009121307,CIN@MIN,19.0,4,2009-12-13,09:51
2009121307,CIN@MIN,23.0,4,2009-12-13,10:05
2009121400,ARI@SF,0.0,1,2009-12-14,04:54
2009121400,ARI@SF,0.0,1,2009-12-14,08:08
2009121400,ARI@SF,-1.0,2,2009-12-14,10:04
2009121400,ARI@SF,2.0,2,2009-12-14,10:20
2009121400,ARI@SF,6.0,2,2009-12-14,08:25
2009121400,ARI@SF,-2.0,3,2009-12-14,08:06
2009121400,ARI@SF,3.0,3,2009-12-14,10:07
2009121400,ARI@SF,0.0,4,2009-12-14,02:50
2009121400,ARI@SF,0.0,4,2009-12-14,11:52
2009121700,IND@JAC,0.0,4,2009-12-17,12:28
2009121700,IND@JAC,0.0,4,2009-12-17,14:53
2009121700,IND@JAC,4.0,4,2009-12-17,02:42
2009121700,IND@JAC,4.0,4,2009-12-17,06:17
2009121700,IND@JAC,6.0,4,2009-12-17,07:45
2009121700,IND@JAC,11.0,4,2009-12-17,02:16
2009121900,DAL@NO,0.0,1,2009-12-19,03:22
2009121900,DAL@NO,7.0,1,2009-12-19,13:10
2009121900,DAL@NO,28.0,1,2009-12-19,09:59
2009121900,DAL@NO,0.0,2,2009-12-19,01:30
2009121900,DAL@NO,0.0,2,2009-12-19,12:14
2009121900,DAL@NO,4.0,2,2009-12-19,04:06
2009121900,DAL@NO,0.0,3,2009-12-19,00:46
2009121900,DAL@NO,0.0,3,2009-12-19,06:13
2009121900,DAL@NO,0.0,4,2009-12-19,11:32
2009122005,SF@PHI,-3.0,1,2009-12-20,08:38
2009122002,ARI@DET,-1.0,1,2009-12-20,11:11
2009122007,HOU@STL,0.0,1,2009-12-20,00:35
2009122009,OAK@DEN,0.0,1,2009-12-20,00:44
2009122001,NE@BUF,0.0,1,2009-12-20,00:53
2009122006,GB@PIT,0.0,1,2009-12-20,01:14
2009122010,CIN@SD,0.0,1,2009-12-20,02:08
2009122008,MIA@TEN,0.0,1,2009-12-20,02:20
2009122002,ARI@DET,0.0,1,2009-12-20,03:04
2009122004,ATL@NYJ,0.0,1,2009-12-20,03:09
2009122005,SF@PHI,0.0,1,2009-12-20,03:36
2009122012,MIN@CAR,0.0,1,2009-12-20,07:05
2009122002,ARI@DET,0.0,1,2009-12-20,07:31
2009122011,TB@SEA,0.0,1,2009-12-20,07:57
2009122012,MIN@CAR,0.0,1,2009-12-20,10:46
2009122006,GB@PIT,0.0,1,2009-12-20,11:35
2009122006,GB@PIT,0.0,1,2009-12-20,13:11
2009122012,MIN@CAR,0.0,1,2009-12-20,13:42
2009122005,SF@PHI,2.0,1,2009-12-20,05:59
2009122004,ATL@NYJ,3.0,1,2009-12-20,01:12
2009122003,CLE@KC,4.0,1,2009-12-20,02:12
2009122002,ARI@DET,5.0,1,2009-12-20,12:12
2009122004,ATL@NYJ,8.0,1,2009-12-20,04:56
2009122004,ATL@NYJ,8.0,1,2009-12-20,12:21
2009122006,GB@PIT,9.0,1,2009-12-20,02:53
2009122008,MIA@TEN,11.0,1,2009-12-20,03:24
2009122012,MIN@CAR,11.0,1,2009-12-20,09:31
2009122011,TB@SEA,12.0,1,2009-12-20,13:05
2009122006,GB@PIT,12.0,1,2009-12-20,14:39
2009122009,OAK@DEN,13.0,1,2009-12-20,13:34
2009122009,OAK@DEN,14.0,1,2009-12-20,02:50
2009122012,MIN@CAR,34.0,1,2009-12-20,05:39
2009122009,OAK@DEN,0.0,2,2009-12-20,00:10
2009122000,CHI@BAL,0.0,2,2009-12-20,00:18
2009122003,CLE@KC,0.0,2,2009-12-20,00:34
2009122005,SF@PHI,0.0,2,2009-12-20,02:17
2009122011,TB@SEA,0.0,2,2009-12-20,02:58
2009122004,ATL@NYJ,0.0,2,2009-12-20,03:18
2009122003,CLE@KC,0.0,2,2009-12-20,06:54
2009122001,NE@BUF,0.0,2,2009-12-20,07:38
2009122011,TB@SEA,0.0,2,2009-12-20,08:51
2009122006,GB@PIT,0.0,2,2009-12-20,08:55
2009122004,ATL@NYJ,0.0,2,2009-12-20,14:57
2009122002,ARI@DET,1.0,2,2009-12-20,02:11
2009122000,CHI@BAL,3.0,2,2009-12-20,01:30
2009122004,ATL@NYJ,3.0,2,2009-12-20,06:19
2009122012,MIN@CAR,6.0,2,2009-12-20,08:12
2009122009,OAK@DEN,7.0,2,2009-12-20,05:31
2009122012,MIN@CAR,7.0,2,2009-12-20,09:14
2009122010,CIN@SD,9.0,2,2009-12-20,08:33
2009122001,NE@BUF,11.0,2,2009-12-20,09:52
2009122004,ATL@NYJ,11.0,2,2009-12-20,14:01
2009122006,GB@PIT,12.0,2,2009-12-20,07:08
2009122011,TB@SEA,12.0,2,2009-12-20,10:40
2009122007,HOU@STL,12.0,2,2009-12-20,12:24
2009122006,GB@PIT,13.0,2,2009-12-20,10:37
2009122009,OAK@DEN,15.0,2,2009-12-20,11:18
2009122000,CHI@BAL,49.0,2,2009-12-20,06:01
2009122010,CIN@SD,-4.0,3,2009-12-20,04:38
2009122006,GB@PIT,-2.0,3,2009-12-20,11:00
2009122002,ARI@DET,-1.0,3,2009-12-20,08:59
2009122005,SF@PHI,0.0,3,2009-12-20,00:11
2009122004,ATL@NYJ,0.0,3,2009-12-20,00:34
2009122004,ATL@NYJ,0.0,3,2009-12-20,01:33
2009122005,SF@PHI,0.0,3,2009-12-20,02:50
2009122005,SF@PHI,0.0,3,2009-12-20,03:09
2009122000,CHI@BAL,0.0,3,2009-12-20,03:38
2009122012,MIN@CAR,0.0,3,2009-12-20,03:58
2009122004,ATL@NYJ,0.0,3,2009-12-20,04:18
2009122004,ATL@NYJ,0.0,3,2009-12-20,07:02
2009122003,CLE@KC,0.0,3,2009-12-20,07:18
2009122010,CIN@SD,0.0,3,2009-12-20,07:21
2009122002,ARI@DET,0.0,3,2009-12-20,08:02
2009122008,MIA@TEN,0.0,3,2009-12-20,08:05
2009122010,CIN@SD,0.0,3,2009-12-20,08:55
2009122004,ATL@NYJ,0.0,3,2009-12-20,09:17
2009122012,MIN@CAR,0.0,3,2009-12-20,10:02
2009122010,CIN@SD,0.0,3,2009-12-20,11:06
2009122012,MIN@CAR,0.0,3,2009-12-20,11:30
2009122002,ARI@DET,0.0,3,2009-12-20,11:49
2009122001,NE@BUF,0.0,3,2009-12-20,11:57
2009122006,GB@PIT,0.0,3,2009-12-20,12:33
2009122007,HOU@STL,0.0,3,2009-12-20,13:37
2009122001,NE@BUF,0.0,3,2009-12-20,14:00
2009122012,MIN@CAR,0.0,3,2009-12-20,14:03
2009122003,CLE@KC,2.0,3,2009-12-20,05:31
2009122008,MIA@TEN,4.0,3,2009-12-20,03:42
2009122000,CHI@BAL,4.0,3,2009-12-20,07:04
2009122003,CLE@KC,6.0,3,2009-12-20,14:11
2009122012,MIN@CAR,7.0,3,2009-12-20,02:34
2009122002,ARI@DET,7.0,3,2009-12-20,05:33
2009122012,MIN@CAR,7.0,3,2009-12-20,08:35
2009122010,CIN@SD,7.0,3,2009-12-20,10:02
2009122008,MIA@TEN,12.0,3,2009-12-20,12:06
2009122003,CLE@KC,12.0,3,2009-12-20,12:07
2009122003,CLE@KC,16.0,3,2009-12-20,09:19
2009122011,TB@SEA,17.0,3,2009-12-20,00:25
2009122002,ARI@DET,18.0,3,2009-12-20,03:48
2009122000,CHI@BAL,21.0,3,2009-12-20,02:10
2009122011,TB@SEA,33.0,3,2009-12-20,07:26
2009122010,CIN@SD,-1.0,4,2009-12-20,14:56
2009122008,MIA@TEN,0.0,4,2009-12-20,01:08
2009122007,HOU@STL,0.0,4,2009-12-20,02:39
2009122011,TB@SEA,0.0,4,2009-12-20,03:29
2009122008,MIA@TEN,0.0,4,2009-12-20,04:44
2009122010,CIN@SD,0.0,4,2009-12-20,07:27
2009122005,SF@PHI,0.0,4,2009-12-20,07:45
2009122007,HOU@STL,0.0,4,2009-12-20,08:19
2009122001,NE@BUF,0.0,4,2009-12-20,10:01
2009122000,CHI@BAL,0.0,4,2009-12-20,11:08
2009122002,ARI@DET,0.0,4,2009-12-20,11:21
2009122008,MIA@TEN,0.0,4,2009-12-20,12:24
2009122012,MIN@CAR,0.0,4,2009-12-20,12:26
2009122001,NE@BUF,0.0,4,2009-12-20,13:24
2009122007,HOU@STL,0.0,4,2009-12-20,13:36
2009122001,NE@BUF,0.0,4,2009-12-20,14:51
2009122000,CHI@BAL,0.0,4,2009-12-20,15:00
2009122012,MIN@CAR,1.0,4,2009-12-20,08:17
2009122000,CHI@BAL,1.0,4,2009-12-20,12:41
2009122000,CHI@BAL,3.0,4,2009-12-20,13:35
2009122005,SF@PHI,6.0,4,2009-12-20,10:54
2009122001,NE@BUF,6.0,4,2009-12-20,11:40
2009122009,OAK@DEN,7.0,4,2009-12-20,04:05
2009122000,CHI@BAL,9.0,4,2009-12-20,05:10
2009122002,ARI@DET,10.0,4,2009-12-20,08:12
2009122009,OAK@DEN,11.0,4,2009-12-20,09:51
2009122009,OAK@DEN,12.0,4,2009-12-20,03:41
2009122009,OAK@DEN,14.0,4,2009-12-20,13:22
2009122000,CHI@BAL,17.0,4,2009-12-20,07:34
2009122001,NE@BUF,20.0,4,2009-12-20,03:48
2009122100,NYG@WAS,9.0,1,2009-12-21,04:26
2009122100,NYG@WAS,0.0,2,2009-12-21,02:03
2009122100,NYG@WAS,0.0,2,2009-12-21,06:52
2009122100,NYG@WAS,1.0,2,2009-12-21,01:10
2009122100,NYG@WAS,15.0,2,2009-12-21,12:58
2009122100,NYG@WAS,5.0,4,2009-12-21,06:33
2009122500,SD@TEN,0.0,1,2009-12-25,11:48
2009122500,SD@TEN,0.0,3,2009-12-25,13:35
2009122500,SD@TEN,6.0,3,2009-12-25,08:33
2009122500,SD@TEN,0.0,4,2009-12-25,11:59
2009122710,STL@ARI,0.0,1,2009-12-27,00:03
2009122709,BAL@PIT,0.0,1,2009-12-27,00:12
2009122712,NYJ@IND,0.0,1,2009-12-27,01:41
2009122708,DEN@PHI,0.0,1,2009-12-27,02:43
2009122703,SEA@GB,0.0,1,2009-12-27,02:46
2009122701,KC@CIN,0.0,1,2009-12-27,03:09
2009122711,DET@SF,0.0,1,2009-12-27,03:28
2009122703,SEA@GB,0.0,1,2009-12-27,03:50
2009122710,STL@ARI,0.0,1,2009-12-27,04:29
2009122700,BUF@ATL,0.0,1,2009-12-27,05:07
2009122703,SEA@GB,0.0,1,2009-12-27,05:17
2009122701,KC@CIN,0.0,1,2009-12-27,07:01
2009122713,DAL@WAS,0.0,1,2009-12-27,07:02
2009122708,DEN@PHI,0.0,1,2009-12-27,07:24
2009122704,HOU@MIA,0.0,1,2009-12-27,07:38
2009122700,BUF@ATL,0.0,1,2009-12-27,07:49
2009122710,STL@ARI,0.0,1,2009-12-27,10:25
2009122709,BAL@PIT,0.0,1,2009-12-27,11:15
2009122701,KC@CIN,0.0,1,2009-12-27,12:01
2009122712,NYJ@IND,0.0,1,2009-12-27,12:12
2009122703,SEA@GB,0.0,1,2009-12-27,13:28
2009122708,DEN@PHI,0.0,1,2009-12-27,14:15
2009122702,OAK@CLE,2.0,1,2009-12-27,01:07
2009122702,OAK@CLE,3.0,1,2009-12-27,00:06
2009122700,BUF@ATL,4.0,1,2009-12-27,11:23
2009122710,STL@ARI,5.0,1,2009-12-27,11:19
2009122712,NYJ@IND,7.0,1,2009-12-27,11:27
2009122704,HOU@MIA,9.0,1,2009-12-27,00:48
2009122711,DET@SF,9.0,1,2009-12-27,05:01
2009122701,KC@CIN,10.0,1,2009-12-27,04:48
2009122713,DAL@WAS,14.0,1,2009-12-27,05:35
2009122707,TB@NO,14.0,1,2009-12-27,11:25
2009122702,OAK@CLE,14.0,1,2009-12-27,12:43
2009122700,BUF@ATL,17.0,1,2009-12-27,13:08
2009122713,DAL@WAS,-4.0,2,2009-12-27,02:00
2009122706,JAC@NE,0.0,2,2009-12-27,00:10
2009122712,NYJ@IND,0.0,2,2009-12-27,00:45
2009122705,CAR@NYG,0.0,2,2009-12-27,00:45
2009122702,OAK@CLE,0.0,2,2009-12-27,01:46
2009122700,BUF@ATL,0.0,2,2009-12-27,01:49
2009122709,BAL@PIT,0.0,2,2009-12-27,02:10
2009122707,TB@NO,0.0,2,2009-12-27,02:20
2009122703,SEA@GB,0.0,2,2009-12-27,04:46
2009122711,DET@SF,0.0,2,2009-12-27,04:57
2009122713,DAL@WAS,0.0,2,2009-12-27,06:14
2009122709,BAL@PIT,0.0,2,2009-12-27,06:18
2009122712,NYJ@IND,0.0,2,2009-12-27,06:31
2009122711,DET@SF,0.0,2,2009-12-27,06:53
2009122702,OAK@CLE,0.0,2,2009-12-27,07:45
2009122706,JAC@NE,0.0,2,2009-12-27,08:16
2009122705,CAR@NYG,0.0,2,2009-12-27,09:38
2009122700,BUF@ATL,0.0,2,2009-12-27,10:13
2009122706,JAC@NE,0.0,2,2009-12-27,10:17
2009122713,DAL@WAS,0.0,2,2009-12-27,10:27
2009122704,HOU@MIA,0.0,2,2009-12-27,10:27
2009122701,KC@CIN,0.0,2,2009-12-27,11:10
2009122703,SEA@GB,0.0,2,2009-12-27,11:11
2009122706,JAC@NE,0.0,2,2009-12-27,11:15
2009122707,TB@NO,0.0,2,2009-12-27,11:58
2009122713,DAL@WAS,0.0,2,2009-12-27,12:03
2009122701,KC@CIN,0.0,2,2009-12-27,13:09
2009122702,OAK@CLE,0.0,2,2009-12-27,13:36
2009122705,CAR@NYG,0.0,2,2009-12-27,13:54
2009122713,DAL@WAS,0.0,2,2009-12-27,15:00
2009122712,NYJ@IND,1.0,2,2009-12-27,09:47
2009122707,TB@NO,3.0,2,2009-12-27,01:54
2009122710,STL@ARI,4.0,2,2009-12-27,04:46
2009122701,KC@CIN,4.0,2,2009-12-27,07:56
2009122708,DEN@PHI,7.0,2,2009-12-27,07:07
2009122710,STL@ARI,8.0,2,2009-12-27,10:30
2009122706,JAC@NE,9.0,2,2009-12-27,03:00
2009122705,CAR@NYG,11.0,2,2009-12-27,01:27
2009122700,BUF@ATL,11.0,2,2009-12-27,06:18
2009122701,KC@CIN,12.0,2,2009-12-27,15:00
2009122700,BUF@ATL,13.0,2,2009-12-27,12:18
2009122712,NYJ@IND,0.0,3,2009-12-27,01:47
2009122701,KC@CIN,0.0,3,2009-12-27,02:26
2009122710,STL@ARI,0.0,3,2009-12-27,02:30
2009122707,TB@NO,0.0,3,2009-12-27,02:34
2009122704,HOU@MIA,0.0,3,2009-12-27,03:23
2009122711,DET@SF,0.0,3,2009-12-27,05:21
2009122712,NYJ@IND,0.0,3,2009-12-27,05:44
2009122701,KC@CIN,0.0,3,2009-12-27,05:58
2009122713,DAL@WAS,0.0,3,2009-12-27,07:05
2009122702,OAK@CLE,0.0,3,2009-12-27,09:24
2009122711,DET@SF,0.0,3,2009-12-27,10:54
2009122707,TB@NO,0.0,3,2009-12-27,11:51
2009122700,BUF@ATL,0.0,3,2009-12-27,12:31
2009122711,DET@SF,0.0,3,2009-12-27,13:34
2009122702,OAK@CLE,4.0,3,2009-12-27,02:55
2009122708,DEN@PHI,11.0,3,2009-12-27,04:07
2009122712,NYJ@IND,14.0,3,2009-12-27,00:38
2009122712,NYJ@IND,14.0,3,2009-12-27,03:55
2009122709,BAL@PIT,14.0,3,2009-12-27,04:21
2009122700,BUF@ATL,18.0,3,2009-12-27,11:03
2009122710,STL@ARI,20.0,3,2009-12-27,00:28
2009122704,HOU@MIA,-2.0,4,2009-12-27,05:22
2009122701,KC@CIN,0.0,4,2009-12-27,00:08
2009122702,OAK@CLE,0.0,4,2009-12-27,01:15
2009122708,DEN@PHI,0.0,4,2009-12-27,03:07
2009122705,CAR@NYG,0.0,4,2009-12-27,03:10
2009122710,STL@ARI,0.0,4,2009-12-27,04:05
2009122702,OAK@CLE,0.0,4,2009-12-27,04:05
2009122704,HOU@MIA,0.0,4,2009-12-27,04:52
2009122713,DAL@WAS,0.0,4,2009-12-27,06:04
2009122704,HOU@MIA,0.0,4,2009-12-27,06:27
2009122711,DET@SF,0.0,4,2009-12-27,06:40
2009122703,SEA@GB,0.0,4,2009-12-27,09:10
2009122701,KC@CIN,0.0,4,2009-12-27,09:32
2009122701,KC@CIN,0.0,4,2009-12-27,09:40
2009122708,DEN@PHI,0.0,4,2009-12-27,09:55
2009122708,DEN@PHI,0.0,4,2009-12-27,10:58
2009122711,DET@SF,0.0,4,2009-12-27,11:16
2009122712,NYJ@IND,0.0,4,2009-12-27,12:01
2009122701,KC@CIN,0.0,4,2009-12-27,12:11
2009122708,DEN@PHI,0.0,4,2009-12-27,13:05
2009122709,BAL@PIT,0.0,4,2009-12-27,14:04
2009122704,HOU@MIA,0.0,4,2009-12-27,15:00
2009122702,OAK@CLE,0.0,4,2009-12-27,15:00
2009122711,DET@SF,1.0,4,2009-12-27,03:01
2009122713,DAL@WAS,2.0,4,2009-12-27,14:48
2009122708,DEN@PHI,3.0,4,2009-12-27,12:08
2009122713,DAL@WAS,5.0,4,2009-12-27,04:09
2009122700,BUF@ATL,6.0,4,2009-12-27,11:52
2009122704,HOU@MIA,8.0,4,2009-12-27,12:12
2009122708,DEN@PHI,10.0,4,2009-12-27,01:50
2009122711,DET@SF,10.0,4,2009-12-27,08:50
2009122709,BAL@PIT,10.0,4,2009-12-27,11:14
2009122709,BAL@PIT,17.0,4,2009-12-27,09:15
2009122703,SEA@GB,20.0,4,2009-12-27,02:37
2009122708,DEN@PHI,21.0,4,2009-12-27,15:00
2009122710,STL@ARI,25.0,4,2009-12-27,12:37
2009122707,TB@NO,77.0,4,2009-12-27,02:41
2009122800,MIN@CHI,0.0,1,2009-12-28,12:06
2009122800,MIN@CHI,0.0,1,2009-12-28,14:09
2009122800,MIN@CHI,0.0,2,2009-12-28,01:56
2009122800,MIN@CHI,0.0,2,2009-12-28,03:27
2009122800,MIN@CHI,0.0,2,2009-12-28,04:55
2009122800,MIN@CHI,0.0,2,2009-12-28,09:14
2009122800,MIN@CHI,0.0,3,2009-12-28,10:13
2009122800,MIN@CHI,6.0,3,2009-12-28,13:05
2009122800,MIN@CHI,0.0,4,2009-12-28,10:02
2009122800,MIN@CHI,0.0,5,2009-12-28,11:19
2009122800,MIN@CHI,3.0,5,2009-12-28,10:22
